date,humidity_missing,imputation
2023-01-05 00:00:00,1.61,-17.02
2023-01-05 01:00:00,1.51,0.78
2023-01-05 02:00:00,1.72,-0.78
2023-01-05 03:00:00,,1.66
2023-01-05 04:00:00,1.72,-14.58
2023-01-05 05:00:00,,1.67
2023-01-05 06:00:00,1.70,-11.54
2023-01-05 07:00:00,1.53,2.22
2023-01-05 08:00:00,1.66,-14.15
2023-01-05 09:00:00,1.63,-17.06
2023-01-05 10:00:00,1.61,-9.03
2023-01-05 11:00:00,1.50,-11.58
2023-01-05 12:00:00,1.64,-3.14
2023-01-05 13:00:00,1.56,5.10
2023-01-05 14:00:00,1.48,-4.00
2023-01-05 15:00:00,1.34,17.37
2023-01-05 16:00:00,1.38,24.78
2023-01-05 17:00:00,1.45,7.73
2023-01-05 18:00:00,1.43,8.73
2023-01-05 19:00:00,1.52,-15.30
2023-01-05 20:00:00,1.59,-10.19
2023-01-05 21:00:00,1.56,-4.57
2023-01-05 22:00:00,1.65,-5.38
2023-01-05 23:00:00,1.75,-30.28
2023-01-06 00:00:00,,1.68
2023-01-06 01:00:00,,1.69
2023-01-06 02:00:00,1.54,11.09
2023-01-06 03:00:00,1.69,-18.96
2023-01-06 04:00:00,1.70,1.69
2023-01-06 05:00:00,1.66,-25.41
2023-01-06 06:00:00,,1.71
2023-01-06 07:00:00,1.67,-8.60
2023-01-06 08:00:00,1.67,-12.70
2023-01-06 09:00:00,1.76,-30.63
2023-01-06 10:00:00,1.77,-25.65
2023-01-06 11:00:00,,1.60
2023-01-06 12:00:00,1.52,-14.89
2023-01-06 13:00:00,1.57,-5.68
2023-01-06 14:00:00,1.35,23.95
2023-01-06 15:00:00,1.28,1.48
2023-01-06 16:00:00,1.48,-27.14
2023-01-06 17:00:00,,1.52
2023-01-06 18:00:00,1.60,-9.34
2023-01-06 19:00:00,1.60,-13.31
2023-01-06 20:00:00,1.64,-18.16
2023-01-06 21:00:00,,1.66
2023-01-06 22:00:00,1.72,-33.24
2023-01-06 23:00:00,1.67,-17.49
2023-01-07 00:00:00,,1.68
2023-01-07 01:00:00,1.57,-12.36
2023-01-07 02:00:00,1.64,1.68
2023-01-07 03:00:00,1.68,-14.69
2023-01-07 04:00:00,1.76,-24.95
2023-01-07 05:00:00,1.70,-33.21
2023-01-07 06:00:00,1.59,0.56
2023-01-07 07:00:00,1.57,-3.81
2023-01-07 08:00:00,,1.63
2023-01-07 09:00:00,,1.62
2023-01-07 10:00:00,1.52,1.57
2023-01-07 11:00:00,1.58,-10.41
2023-01-07 12:00:00,1.56,1.50
2023-01-07 13:00:00,1.54,-7.81
2023-01-07 14:00:00,1.53,-18.11
2023-01-07 15:00:00,1.35,16.93
2023-01-07 16:00:00,1.50,1.53
2023-01-07 17:00:00,1.63,-18.48
2023-01-07 18:00:00,1.64,-19.61
2023-01-07 19:00:00,,1.64
2023-01-07 20:00:00,1.66,-19.23
2023-01-07 21:00:00,1.68,0.06
2023-01-07 22:00:00,1.70,1.69
2023-01-07 23:00:00,1.65,-1.07
2023-01-08 00:00:00,,1.68
2023-01-08 01:00:00,1.58,2.33
2023-01-08 02:00:00,1.64,-9.85
2023-01-08 03:00:00,,1.75
2023-01-08 04:00:00,1.73,-25.72
2023-01-08 05:00:00,1.79,-27.54
2023-01-08 06:00:00,,1.74
2023-01-08 07:00:00,1.85,-39.90
2023-01-08 08:00:00,1.70,-27.51
2023-01-08 09:00:00,1.90,1.69
2023-01-08 10:00:00,1.58,-5.48
2023-01-08 11:00:00,,1.58
2023-01-08 12:00:00,1.67,1.58
2023-01-08 13:00:00,1.61,-27.34
2023-01-08 14:00:00,1.39,-1.52
2023-01-08 15:00:00,1.41,22.63
2023-01-08 16:00:00,1.50,-8.70
2023-01-08 17:00:00,1.55,4.73
2023-01-08 18:00:00,1.56,-9.94
2023-01-08 19:00:00,1.53,2.42
2023-01-08 20:00:00,,1.61
2023-01-08 21:00:00,1.60,-7.12
2023-01-08 22:00:00,1.66,-6.91
2023-01-08 23:00:00,1.71,-24.43
2023-01-09 00:00:00,1.59,-1.90
2023-01-09 01:00:00,,1.68
2023-01-09 02:00:00,1.81,1.66
2023-01-09 03:00:00,1.63,-11.42
2023-01-09 04:00:00,1.58,-19.81
2023-01-09 05:00:00,,1.65
2023-01-09 06:00:00,1.67,-13.45
2023-01-09 07:00:00,,1.68
2023-01-09 08:00:00,1.71,-30.34
2023-01-09 09:00:00,1.69,-33.04
2023-01-09 10:00:00,1.75,-30.99
2023-01-09 11:00:00,1.62,6.06
2023-01-09 12:00:00,1.55,-8.23
2023-01-09 13:00:00,1.44,16.33
2023-01-09 14:00:00,1.45,-6.22
2023-01-09 15:00:00,1.39,18.68
2023-01-09 16:00:00,1.45,1.49
2023-01-09 17:00:00,1.53,-6.26
2023-01-09 18:00:00,1.60,-17.64
2023-01-09 19:00:00,,1.61
2023-01-09 20:00:00,1.58,-0.53
2023-01-09 21:00:00,1.71,-4.69
2023-01-09 22:00:00,1.54,-1.38
2023-01-09 23:00:00,,1.69
2023-01-10 00:00:00,1.49,1.68
2023-01-10 01:00:00,1.69,-11.59
2023-01-10 02:00:00,1.67,-9.70
2023-01-10 03:00:00,1.58,-9.51
2023-01-10 04:00:00,1.65,-14.21
2023-01-10 05:00:00,1.71,-34.33
2023-01-10 06:00:00,1.46,-10.17
2023-01-10 07:00:00,1.81,1.64
2023-01-10 08:00:00,1.55,-7.91
2023-01-10 09:00:00,,1.65
2023-01-10 10:00:00,,1.62
2023-01-10 11:00:00,1.51,6.51
2023-01-10 12:00:00,,1.61
2023-01-10 13:00:00,1.61,-14.74
2023-01-10 14:00:00,1.47,14.17
2023-01-10 15:00:00,1.45,1.23
2023-01-10 16:00:00,,1.54
2023-01-10 17:00:00,1.55,-1.87
2023-01-10 18:00:00,1.68,-30.64
2023-01-10 19:00:00,1.58,5.73
2023-01-10 20:00:00,1.67,1.63
2023-01-10 21:00:00,1.70,-19.04
2023-01-10 22:00:00,1.58,-14.81
2023-01-10 23:00:00,1.70,-6.94
2023-01-11 00:00:00,1.68,1.65
2023-01-11 01:00:00,1.59,4.49
2023-01-11 02:00:00,1.49,-2.74
2023-01-11 03:00:00,1.59,-5.52
2023-01-11 04:00:00,1.62,-22.93
2023-01-11 05:00:00,1.60,-16.07
2023-01-11 06:00:00,1.61,-7.04
2023-01-11 07:00:00,,1.66
2023-01-11 08:00:00,1.75,-40.06
2023-01-11 09:00:00,1.68,-25.99
2023-01-11 10:00:00,1.55,-6.08
2023-01-11 11:00:00,1.48,1.56
2023-01-11 12:00:00,,1.52
2023-01-11 13:00:00,1.43,1.49
2023-01-11 14:00:00,1.46,-6.02
2023-01-11 15:00:00,1.51,3.78
2023-01-11 16:00:00,1.39,10.24
2023-01-11 17:00:00,1.56,-15.47
2023-01-11 18:00:00,1.56,-31.90
2023-01-11 19:00:00,1.62,-17.29
2023-01-11 20:00:00,1.75,-19.40
2023-01-11 21:00:00,1.67,-11.79
2023-01-11 22:00:00,,1.69
2023-01-11 23:00:00,,1.70
2023-01-12 00:00:00,1.69,-18.78
2023-01-12 01:00:00,1.65,-2.97
2023-01-12 02:00:00,1.62,-13.40
2023-01-12 03:00:00,1.67,-19.81
2023-01-12 04:00:00,,1.68
2023-01-12 05:00:00,1.70,-20.74
2023-01-12 06:00:00,1.74,-24.90
2023-01-12 07:00:00,,1.70
2023-01-12 08:00:00,1.53,6.54
2023-01-12 09:00:00,,1.68
2023-01-12 10:00:00,1.65,-11.04
2023-01-12 11:00:00,,1.59
2023-01-12 12:00:00,1.49,-20.28
2023-01-12 13:00:00,1.56,3.29
2023-01-12 14:00:00,1.54,1.53
2023-01-12 15:00:00,1.54,-3.64
2023-01-12 16:00:00,1.56,-21.45
2023-01-12 17:00:00,1.46,5.29
2023-01-12 18:00:00,1.63,-11.07
2023-01-12 19:00:00,1.63,-15.26
2023-01-12 20:00:00,,1.65
2023-01-12 21:00:00,,1.66
2023-01-12 22:00:00,1.69,-5.53
2023-01-12 23:00:00,1.65,-18.89
2023-01-13 00:00:00,1.71,-9.34
2023-01-13 01:00:00,1.67,-11.75
2023-01-13 02:00:00,1.76,-21.70
2023-01-13 03:00:00,,1.74
2023-01-13 04:00:00,1.67,1.69
2023-01-13 05:00:00,1.67,-16.91
2023-01-13 06:00:00,1.54,-4.12
2023-01-13 07:00:00,1.61,-9.95
2023-01-13 08:00:00,,1.67
2023-01-13 09:00:00,1.78,-43.60
2023-01-13 10:00:00,1.61,-13.90
2023-01-13 11:00:00,1.55,1.67
2023-01-13 12:00:00,,1.64
2023-01-13 13:00:00,1.62,-11.23
2023-01-13 14:00:00,1.44,23.06
2023-01-13 15:00:00,1.60,-13.18
2023-01-13 16:00:00,1.61,-6.22
2023-01-13 17:00:00,1.63,-6.30
2023-01-13 18:00:00,1.72,-17.98
2023-01-13 19:00:00,1.73,-28.72
2023-01-13 20:00:00,1.65,-8.77
2023-01-13 21:00:00,1.85,-29.14
2023-01-13 22:00:00,1.66,1.76
2023-01-13 23:00:00,1.56,4.73
2023-01-14 00:00:00,1.61,-8.54
2023-01-14 01:00:00,,1.81
2023-01-14 02:00:00,1.81,-41.02
2023-01-14 03:00:00,1.82,-24.87
2023-01-14 04:00:00,1.80,-19.59
2023-01-14 05:00:00,,1.80
2023-01-14 06:00:00,1.83,-24.59
2023-01-14 07:00:00,1.79,1.78
2023-01-14 08:00:00,,1.80
2023-01-14 09:00:00,,1.81
2023-01-14 10:00:00,1.94,-60.33
2023-01-14 11:00:00,1.82,-29.65
2023-01-14 12:00:00,1.82,1.76
2023-01-14 13:00:00,1.72,-20.25
2023-01-14 14:00:00,,1.67
2023-01-14 15:00:00,1.68,-24.22
2023-01-14 16:00:00,1.58,-10.70
2023-01-14 17:00:00,1.55,-6.46
2023-01-14 18:00:00,1.65,-4.29
2023-01-14 19:00:00,1.80,-31.45
2023-01-14 20:00:00,1.85,-43.97
2023-01-14 21:00:00,,1.77
2023-01-14 22:00:00,1.86,-42.31
2023-01-14 23:00:00,,1.76
2023-01-15 00:00:00,1.69,-0.55
2023-01-15 01:00:00,1.83,-26.57
2023-01-15 02:00:00,1.91,-36.53
2023-01-15 03:00:00,1.94,-51.94
2023-01-15 04:00:00,1.96,1.92
2023-01-15 05:00:00,1.97,-35.65
2023-01-15 06:00:00,1.92,-55.37
2023-01-15 07:00:00,,1.96
2023-01-15 08:00:00,2.03,-61.23
2023-01-15 09:00:00,2.03,-53.43
2023-01-15 10:00:00,1.97,-43.82
2023-01-15 11:00:00,2.05,-62.00
2023-01-15 12:00:00,1.95,-45.60
2023-01-15 13:00:00,1.92,-22.48
2023-01-15 14:00:00,1.69,-17.54
2023-01-15 15:00:00,,1.75
2023-01-15 16:00:00,1.74,-15.35
2023-01-15 17:00:00,1.70,-10.53
2023-01-15 18:00:00,1.63,-22.76
2023-01-15 19:00:00,,1.73
2023-01-15 20:00:00,1.64,-14.07
2023-01-15 21:00:00,1.83,1.74
2023-01-15 22:00:00,,1.78
2023-01-15 23:00:00,1.82,-32.58
2023-01-16 00:00:00,1.76,1.84
2023-01-16 01:00:00,,1.88
2023-01-16 02:00:00,1.96,-46.16
2023-01-16 03:00:00,1.77,1.91
2023-01-16 04:00:00,1.82,1.90
2023-01-16 05:00:00,1.78,-20.28
2023-01-16 06:00:00,1.78,-12.92
2023-01-16 07:00:00,,1.86
2023-01-16 08:00:00,1.75,-3.09
2023-01-16 09:00:00,,1.86
2023-01-16 10:00:00,1.78,-13.34
2023-01-16 11:00:00,1.79,-24.43
2023-01-16 12:00:00,1.74,-28.66
2023-01-16 13:00:00,1.61,-16.42
2023-01-16 14:00:00,1.68,-22.14
2023-01-16 15:00:00,1.64,-19.21
2023-01-16 16:00:00,1.65,-10.75
2023-01-16 17:00:00,1.56,-8.06
2023-01-16 18:00:00,1.68,-19.88
2023-01-16 19:00:00,1.85,-43.72
2023-01-16 20:00:00,1.73,-39.60
2023-01-16 21:00:00,1.71,1.73
2023-01-16 22:00:00,1.71,-14.96
2023-01-16 23:00:00,,1.76
2023-01-17 00:00:00,1.86,-41.34
2023-01-17 01:00:00,,1.78
2023-01-17 02:00:00,1.84,-34.67
2023-01-17 03:00:00,1.71,0.44
2023-01-17 04:00:00,,1.79
2023-01-17 05:00:00,1.76,-25.05
2023-01-17 06:00:00,1.89,-28.69
2023-01-17 07:00:00,1.75,-14.73
2023-01-17 08:00:00,1.87,-39.11
2023-01-17 09:00:00,1.69,-11.18
2023-01-17 10:00:00,1.83,-46.76
2023-01-17 11:00:00,1.82,-27.95
2023-01-17 12:00:00,1.83,-36.89
2023-01-17 13:00:00,1.76,-24.86
2023-01-17 14:00:00,1.59,-1.46
2023-01-17 15:00:00,1.68,-13.13
2023-01-17 16:00:00,,1.65
2023-01-17 17:00:00,,1.66
2023-01-17 18:00:00,1.64,-11.80
2023-01-17 19:00:00,1.54,3.12
2023-01-17 20:00:00,1.63,-7.98
2023-01-17 21:00:00,1.76,-24.23
2023-01-17 22:00:00,1.75,-22.31
2023-01-17 23:00:00,1.72,-16.42
2023-01-18 00:00:00,1.65,-16.46
2023-01-18 01:00:00,1.82,-37.71
2023-01-18 02:00:00,1.57,9.94
2023-01-18 03:00:00,1.78,-22.80
2023-01-18 04:00:00,1.85,-21.67
2023-01-18 05:00:00,1.80,-24.53
2023-01-18 06:00:00,1.78,-7.02
2023-01-18 07:00:00,1.87,-41.49
2023-01-18 08:00:00,1.94,-52.01
2023-01-18 09:00:00,,1.82
2023-01-18 10:00:00,,1.80
2023-01-18 11:00:00,1.80,-13.15
2023-01-18 12:00:00,1.76,1.76
2023-01-18 13:00:00,1.66,-19.29
2023-01-18 14:00:00,1.69,-30.90
2023-01-18 15:00:00,,1.63
2023-01-18 16:00:00,1.51,4.93
2023-01-18 17:00:00,1.72,-30.35
2023-01-18 18:00:00,1.72,-20.96
2023-01-18 19:00:00,1.75,-28.40
2023-01-18 20:00:00,1.71,-30.40
2023-01-18 21:00:00,,1.73
2023-01-18 22:00:00,1.86,-26.31
2023-01-18 23:00:00,1.85,-30.95
2023-01-19 00:00:00,1.73,-23.54
2023-01-19 01:00:00,1.86,-40.03
2023-01-19 02:00:00,1.74,-15.50
2023-01-19 03:00:00,1.82,-12.26
2023-01-19 04:00:00,2.01,-41.20
2023-01-19 05:00:00,1.88,-23.52
2023-01-19 06:00:00,1.89,-38.19
2023-01-19 07:00:00,1.94,-40.22
2023-01-19 08:00:00,1.91,-27.11
2023-01-19 09:00:00,,1.86
2023-01-19 10:00:00,,1.89
2023-01-19 11:00:00,,1.89
2023-01-19 12:00:00,1.92,-35.77
2023-01-19 13:00:00,1.92,1.85
2023-01-19 14:00:00,1.88,-31.53
2023-01-19 15:00:00,1.82,1.77
2023-01-19 16:00:00,,1.72
2023-01-19 17:00:00,,1.68
2023-01-19 18:00:00,1.58,-11.76
2023-01-19 19:00:00,,1.65
2023-01-19 20:00:00,1.53,1.67
2023-01-19 21:00:00,,1.71
2023-01-19 22:00:00,1.72,-12.84
2023-01-19 23:00:00,1.80,-29.87
2023-01-20 00:00:00,1.80,-32.34
2023-01-20 01:00:00,,1.81
2023-01-20 02:00:00,1.80,-23.90
2023-01-20 03:00:00,1.86,-22.99
2023-01-20 04:00:00,1.78,-9.51
2023-01-20 05:00:00,1.83,-15.26
2023-01-20 06:00:00,1.92,-34.87
2023-01-20 07:00:00,1.98,-39.49
2023-01-20 08:00:00,,1.91
2023-01-20 09:00:00,1.88,-35.09
2023-01-20 10:00:00,2.09,-45.72
2023-01-20 11:00:00,1.82,-9.03
2023-01-20 12:00:00,1.94,-33.89
2023-01-20 13:00:00,,1.84
2023-01-20 14:00:00,1.75,-12.60
2023-01-20 15:00:00,1.83,-40.27
2023-01-20 16:00:00,1.59,-7.84
2023-01-20 17:00:00,1.54,-1.45
2023-01-20 18:00:00,1.49,-12.34
2023-01-20 19:00:00,1.59,-2.06
2023-01-20 20:00:00,1.70,-26.42
2023-01-20 21:00:00,1.73,-27.28
2023-01-20 22:00:00,1.79,1.71
2023-01-20 23:00:00,1.69,-14.09
2023-01-21 00:00:00,1.80,-20.50
2023-01-21 01:00:00,1.79,-26.52
2023-01-21 02:00:00,,1.82
2023-01-21 03:00:00,1.85,-22.25
2023-01-21 04:00:00,,1.92
2023-01-21 05:00:00,2.06,-53.55
2023-01-21 06:00:00,1.95,-28.19
2023-01-21 07:00:00,2.05,-63.73
2023-01-21 08:00:00,,1.98
2023-01-21 09:00:00,2.06,-73.29
2023-01-21 10:00:00,2.08,1.91
2023-01-21 11:00:00,,1.87
2023-01-21 12:00:00,1.88,-39.69
2023-01-21 13:00:00,1.83,-38.97
2023-01-21 14:00:00,1.80,1.80
2023-01-21 15:00:00,1.75,-28.69
2023-01-21 16:00:00,1.74,-23.27
2023-01-21 17:00:00,1.81,-33.29
2023-01-21 18:00:00,1.84,-40.50
2023-01-21 19:00:00,1.69,-18.85
2023-01-21 20:00:00,1.82,-29.45
2023-01-21 21:00:00,1.57,-7.56
2023-01-21 22:00:00,1.64,-8.28
2023-01-21 23:00:00,,1.78
2023-01-22 00:00:00,,1.76
2023-01-22 01:00:00,1.74,1.75
2023-01-22 02:00:00,,1.75
2023-01-22 03:00:00,1.71,-4.52
2023-01-22 04:00:00,,1.81
2023-01-22 05:00:00,1.85,-33.93
2023-01-22 06:00:00,1.65,-15.88
2023-01-22 07:00:00,1.70,-9.53
2023-01-22 08:00:00,1.79,1.83
2023-01-22 09:00:00,,1.80
2023-01-22 10:00:00,1.68,-2.09
2023-01-22 11:00:00,,1.75
2023-01-22 12:00:00,1.75,-20.97
2023-01-22 13:00:00,1.62,-3.07
2023-01-22 14:00:00,,1.69
2023-01-22 15:00:00,1.74,-38.39
2023-01-22 16:00:00,1.56,-8.47
2023-01-22 17:00:00,1.52,4.70
2023-01-22 18:00:00,1.50,-1.83
2023-01-22 19:00:00,1.53,0.00
2023-01-22 20:00:00,1.66,-9.72
2023-01-22 21:00:00,1.62,-19.39
2023-01-22 22:00:00,,1.66
2023-01-22 23:00:00,,1.67
2023-01-23 00:00:00,1.84,1.77
2023-01-23 01:00:00,1.61,-2.84
2023-01-23 02:00:00,1.76,-14.98
2023-01-23 03:00:00,1.83,-27.62
2023-01-23 04:00:00,1.94,-43.58
2023-01-23 05:00:00,2.01,-29.56
2023-01-23 06:00:00,1.95,-35.39
2023-01-23 07:00:00,,2.05
2023-01-23 08:00:00,2.09,-50.49
2023-01-23 09:00:00,,2.03
2023-01-23 10:00:00,2.10,-45.68
2023-01-23 11:00:00,,2.01
2023-01-23 12:00:00,2.05,-31.22
2023-01-23 13:00:00,1.96,-27.18
2023-01-23 14:00:00,1.92,-18.61
2023-01-23 15:00:00,1.99,-25.80
2023-01-23 16:00:00,,1.86
2023-01-23 17:00:00,1.76,-7.27
2023-01-23 18:00:00,1.57,1.81
2023-01-23 19:00:00,,1.82
2023-01-23 20:00:00,1.69,-6.71
2023-01-23 21:00:00,,1.83
2023-01-23 22:00:00,1.96,-52.57
2023-01-23 23:00:00,1.83,-19.15
2023-01-24 00:00:00,1.86,-22.02
2023-01-24 01:00:00,,1.87
2023-01-24 02:00:00,1.99,-45.29
2023-01-24 03:00:00,2.11,1.95
2023-01-24 04:00:00,1.99,2.00
2023-01-24 05:00:00,2.12,2.09
2023-01-24 06:00:00,2.22,-68.49
2023-01-24 07:00:00,2.21,-53.62
2023-01-24 08:00:00,2.24,-62.46
2023-01-24 09:00:00,,2.14
2023-01-24 10:00:00,2.15,-50.40
2023-01-24 11:00:00,2.21,-46.84
2023-01-24 12:00:00,2.22,-52.74
2023-01-24 13:00:00,2.14,-51.45
2023-01-24 14:00:00,1.99,-31.23
2023-01-24 15:00:00,1.96,1.92
2023-01-24 16:00:00,1.94,1.92
2023-01-24 17:00:00,1.86,-44.62
2023-01-24 18:00:00,1.90,-57.61
2023-01-24 19:00:00,,1.81
2023-01-24 20:00:00,1.84,-48.01
2023-01-24 21:00:00,1.91,-30.34
2023-01-24 22:00:00,1.82,-35.68
2023-01-24 23:00:00,,1.83
2023-01-25 00:00:00,,1.79
2023-01-25 01:00:00,1.91,-25.18
2023-01-25 02:00:00,1.76,-0.17
2023-01-25 03:00:00,1.74,-6.61
2023-01-25 04:00:00,1.98,1.94
2023-01-25 05:00:00,2.14,-56.30
2023-01-25 06:00:00,,2.08
2023-01-25 07:00:00,2.16,-50.06
2023-01-25 08:00:00,2.08,-46.74
2023-01-25 09:00:00,2.09,-27.12
2023-01-25 10:00:00,1.98,-32.26
2023-01-25 11:00:00,1.99,-34.86
2023-01-25 12:00:00,2.04,-57.72
2023-01-25 13:00:00,1.94,-43.44
2023-01-25 14:00:00,1.89,-32.12
2023-01-25 15:00:00,,1.79
2023-01-25 16:00:00,1.76,-14.15
2023-01-25 17:00:00,1.69,-19.28
2023-01-25 18:00:00,1.74,-22.04
2023-01-25 19:00:00,1.72,-20.31
2023-01-25 20:00:00,1.57,-0.56
2023-01-25 21:00:00,1.71,-7.24
2023-01-25 22:00:00,1.69,0.27
2023-01-25 23:00:00,1.81,1.76
2023-01-26 00:00:00,1.77,-17.09
2023-01-26 01:00:00,1.85,-23.15
2023-01-26 02:00:00,1.88,-34.63
2023-01-26 03:00:00,1.81,-11.63
2023-01-26 04:00:00,1.80,1.90
2023-01-26 05:00:00,2.00,1.96
2023-01-26 06:00:00,1.88,-17.44
2023-01-26 07:00:00,2.01,-53.68
2023-01-26 08:00:00,1.98,-42.93
2023-01-26 09:00:00,,1.94
2023-01-26 10:00:00,,1.90
2023-01-26 11:00:00,1.83,-18.77
2023-01-26 12:00:00,,1.82
2023-01-26 13:00:00,,1.81
2023-01-26 14:00:00,1.76,-22.99
2023-01-26 15:00:00,1.70,-5.51
2023-01-26 16:00:00,1.65,-17.17
2023-01-26 17:00:00,1.47,-10.96
2023-01-26 18:00:00,,1.64
2023-01-26 19:00:00,1.46,10.90
2023-01-26 20:00:00,,1.65
2023-01-26 21:00:00,1.78,-32.10
2023-01-26 22:00:00,1.79,-15.26
2023-01-26 23:00:00,1.80,-11.44
2023-01-27 00:00:00,1.66,-1.20
2023-01-27 01:00:00,1.83,-24.95
2023-01-27 02:00:00,1.75,-4.76
2023-01-27 03:00:00,1.89,-49.12
2023-01-27 04:00:00,1.77,1.83
2023-01-27 05:00:00,1.97,-33.39
2023-01-27 06:00:00,1.86,-23.87
2023-01-27 07:00:00,1.94,-33.77
2023-01-27 08:00:00,1.85,-12.17
2023-01-27 09:00:00,1.97,-24.91
2023-01-27 10:00:00,2.02,-66.34
2023-01-27 11:00:00,1.89,-9.82
2023-01-27 12:00:00,,1.81
2023-01-27 13:00:00,1.75,-26.17
2023-01-27 14:00:00,1.75,-19.80
2023-01-27 15:00:00,,1.66
2023-01-27 16:00:00,1.65,-14.84
2023-01-27 17:00:00,1.52,4.87
2023-01-27 18:00:00,1.41,9.15
2023-01-27 19:00:00,,1.58
2023-01-27 20:00:00,,1.58
2023-01-27 21:00:00,1.68,-22.47
2023-01-27 22:00:00,1.67,0.93
2023-01-27 23:00:00,,1.71
2023-01-28 00:00:00,1.82,-25.46
2023-01-28 01:00:00,1.80,-12.73
2023-01-28 02:00:00,1.83,-20.56
2023-01-28 03:00:00,1.89,-20.97
2023-01-28 04:00:00,1.77,1.87
2023-01-28 05:00:00,1.82,-26.64
2023-01-28 06:00:00,1.84,-13.71
2023-01-28 07:00:00,1.91,-27.02
2023-01-28 08:00:00,1.94,-38.12
2023-01-28 09:00:00,,1.91
2023-01-28 10:00:00,1.96,-33.43
2023-01-28 11:00:00,1.82,1.89
2023-01-28 12:00:00,1.92,-26.06
2023-01-28 13:00:00,1.93,-52.28
2023-01-28 14:00:00,1.64,0.06
2023-01-28 15:00:00,,1.67
2023-01-28 16:00:00,1.51,12.10
2023-01-28 17:00:00,1.50,-16.17
2023-01-28 18:00:00,1.47,-10.77
2023-01-28 19:00:00,1.61,-20.70
2023-01-28 20:00:00,1.66,-20.88
2023-01-28 21:00:00,,1.63
2023-01-28 22:00:00,1.70,-19.85
2023-01-28 23:00:00,1.73,-8.96
2023-01-29 00:00:00,1.67,-2.63
2023-01-29 01:00:00,1.60,-7.57
2023-01-29 02:00:00,1.59,-8.38
2023-01-29 03:00:00,1.59,-17.07
2023-01-29 04:00:00,,1.67
2023-01-29 05:00:00,,1.76
2023-01-29 06:00:00,1.73,-23.96
2023-01-29 07:00:00,1.88,-42.28
2023-01-29 08:00:00,1.79,-22.48
2023-01-29 09:00:00,,1.75
2023-01-29 10:00:00,,1.73
2023-01-29 11:00:00,1.76,-19.46
2023-01-29 12:00:00,1.69,-14.24
2023-01-29 13:00:00,1.64,-9.16
2023-01-29 14:00:00,1.58,-4.17
2023-01-29 15:00:00,1.68,-27.63
2023-01-29 16:00:00,,1.51
2023-01-29 17:00:00,1.40,-6.57
2023-01-29 18:00:00,1.33,10.50
2023-01-29 19:00:00,1.51,-4.35
2023-01-29 20:00:00,1.61,-5.48
2023-01-29 21:00:00,1.49,1.61
2023-01-29 22:00:00,1.67,1.67
2023-01-29 23:00:00,1.73,-24.15
2023-01-30 00:00:00,1.77,-33.38
2023-01-30 01:00:00,1.61,1.71
2023-01-30 02:00:00,1.74,-30.84
2023-01-30 03:00:00,1.58,-15.61
2023-01-30 04:00:00,,1.74
2023-01-30 05:00:00,1.83,-40.61
2023-01-30 06:00:00,1.82,-32.85
2023-01-30 07:00:00,,1.77
2023-01-30 08:00:00,1.72,-1.97
2023-01-30 09:00:00,1.61,8.52
2023-01-30 10:00:00,1.75,-27.45
2023-01-30 11:00:00,1.78,-36.70
2023-01-30 12:00:00,1.62,-0.88
2023-01-30 13:00:00,1.70,-27.85
2023-01-30 14:00:00,1.52,-1.51
2023-01-30 15:00:00,1.58,1.16
2023-01-30 16:00:00,,1.56
2023-01-30 17:00:00,1.47,12.36
2023-01-30 18:00:00,,1.52
2023-01-30 19:00:00,,1.55
2023-01-30 20:00:00,,1.56
2023-01-30 21:00:00,,1.62
2023-01-30 22:00:00,,1.64
2023-01-30 23:00:00,,1.67
2023-01-31 00:00:00,1.78,-37.31
2023-01-31 01:00:00,,1.72
2023-01-31 02:00:00,,1.70
2023-01-31 03:00:00,1.70,-13.72
2023-01-31 04:00:00,1.71,-12.70
2023-01-31 05:00:00,1.79,1.73
2023-01-31 06:00:00,1.73,-31.81
2023-01-31 07:00:00,1.73,1.71
2023-01-31 08:00:00,1.59,-6.93
2023-01-31 09:00:00,1.89,-47.69
2023-01-31 10:00:00,1.66,-7.83
2023-01-31 11:00:00,1.59,4.00
2023-01-31 12:00:00,1.44,-2.10
2023-01-31 13:00:00,1.43,5.88
2023-01-31 14:00:00,1.62,-22.06
2023-01-31 15:00:00,1.47,3.27
2023-01-31 16:00:00,,1.56
2023-01-31 17:00:00,1.60,-17.04
2023-01-31 18:00:00,1.51,1.54
2023-01-31 19:00:00,1.62,-10.05
2023-01-31 20:00:00,1.68,-9.58
2023-01-31 21:00:00,,1.64
2023-01-31 22:00:00,1.52,14.91
2023-01-31 23:00:00,1.68,-19.13
2023-02-01 00:00:00,1.55,11.17
2023-02-01 01:00:00,1.52,-4.73
2023-02-01 02:00:00,1.58,2.02
2023-02-01 03:00:00,1.66,-12.52
2023-02-01 04:00:00,,1.69
2023-02-01 05:00:00,1.71,-25.18
2023-02-01 06:00:00,,1.69
2023-02-01 07:00:00,,1.69
2023-02-01 08:00:00,,1.67
2023-02-01 09:00:00,1.46,0.61
2023-02-01 10:00:00,1.58,1.64
2023-02-01 11:00:00,1.52,1.64
2023-02-01 12:00:00,1.57,-6.68
2023-02-01 13:00:00,1.65,-16.31
2023-02-01 14:00:00,1.63,1.54
2023-02-01 15:00:00,1.47,4.21
2023-02-01 16:00:00,,1.55
2023-02-01 17:00:00,,1.56
2023-02-01 18:00:00,1.62,-4.76
2023-02-01 19:00:00,1.64,-29.16
2023-02-01 20:00:00,1.53,-15.73
2023-02-01 21:00:00,1.57,-13.10
2023-02-01 22:00:00,1.44,-0.97
2023-02-01 23:00:00,1.59,-14.60
2023-02-02 00:00:00,1.63,-5.05
2023-02-02 01:00:00,1.61,-17.85
2023-02-02 02:00:00,1.68,-5.60
2023-02-02 03:00:00,1.57,-2.33
2023-02-02 04:00:00,,1.65
2023-02-02 05:00:00,1.67,-16.36
2023-02-02 06:00:00,1.69,-19.31
2023-02-02 07:00:00,1.70,-18.96
2023-02-02 08:00:00,1.70,-18.84
2023-02-02 09:00:00,1.61,-15.84
2023-02-02 10:00:00,,1.58
2023-02-02 11:00:00,,1.52
2023-02-02 12:00:00,1.51,4.09
2023-02-02 13:00:00,,1.44
2023-02-02 14:00:00,1.32,25.83
2023-02-02 15:00:00,1.44,-4.26
2023-02-02 16:00:00,1.47,0.71
2023-02-02 17:00:00,1.42,7.68
2023-02-02 18:00:00,1.47,4.96
2023-02-02 19:00:00,1.51,1.60
2023-02-02 20:00:00,1.69,-15.44
2023-02-02 21:00:00,1.61,-5.68
2023-02-02 22:00:00,1.77,-23.49
2023-02-02 23:00:00,,1.70
2023-02-03 00:00:00,1.62,-7.96
2023-02-03 01:00:00,1.54,-0.49
2023-02-03 02:00:00,1.57,7.28
2023-02-03 03:00:00,1.57,-10.14
2023-02-03 04:00:00,1.49,1.63
2023-02-03 05:00:00,1.50,-14.73
2023-02-03 06:00:00,1.74,1.66
2023-02-03 07:00:00,1.72,-21.85
2023-02-03 08:00:00,1.74,-14.11
2023-02-03 09:00:00,1.71,-27.71
2023-02-03 10:00:00,1.84,-45.80
2023-02-03 11:00:00,,1.65
2023-02-03 12:00:00,1.52,3.49
2023-02-03 13:00:00,1.52,-7.67
2023-02-03 14:00:00,,1.50
2023-02-03 15:00:00,1.37,10.68
2023-02-03 16:00:00,1.58,-24.99
2023-02-03 17:00:00,,1.59
2023-02-03 18:00:00,1.64,-22.94
2023-02-03 19:00:00,1.84,-57.21
2023-02-03 20:00:00,,1.69
2023-02-03 21:00:00,1.61,-8.46
2023-02-03 22:00:00,1.63,-6.49
2023-02-03 23:00:00,1.87,-45.30
2023-02-04 00:00:00,1.68,-25.02
2023-02-04 01:00:00,1.58,-10.47
2023-02-04 02:00:00,1.63,-2.52
2023-02-04 03:00:00,1.57,14.72
2023-02-04 04:00:00,1.69,-14.06
2023-02-04 05:00:00,1.76,-32.47
2023-02-04 06:00:00,1.77,-36.85
2023-02-04 07:00:00,1.62,-6.46
2023-02-04 08:00:00,1.64,-3.19
2023-02-04 09:00:00,1.61,-3.68
2023-02-04 10:00:00,,1.62
2023-02-04 11:00:00,1.65,-10.23
2023-02-04 12:00:00,1.61,-10.27
2023-02-04 13:00:00,1.51,-2.01
2023-02-04 14:00:00,,1.51
2023-02-04 15:00:00,,1.49
2023-02-04 16:00:00,1.45,1.49
2023-02-04 17:00:00,1.42,5.75
2023-02-04 18:00:00,1.49,11.18
2023-02-04 19:00:00,1.80,1.57
2023-02-04 20:00:00,1.60,1.61
2023-02-04 21:00:00,1.64,-10.89
2023-02-04 22:00:00,,1.68
2023-02-04 23:00:00,1.61,4.09
2023-02-05 00:00:00,1.68,-15.19
2023-02-05 01:00:00,,1.76
2023-02-05 02:00:00,1.75,-19.51
2023-02-05 03:00:00,1.82,-18.33
2023-02-05 04:00:00,1.77,-22.70
2023-02-05 05:00:00,1.74,-15.66
2023-02-05 06:00:00,1.68,1.73
2023-02-05 07:00:00,1.68,-30.50
2023-02-05 08:00:00,1.61,-24.19
2023-02-05 09:00:00,,1.65
2023-02-05 10:00:00,1.53,5.11
2023-02-05 11:00:00,1.57,-18.22
2023-02-05 12:00:00,1.48,-4.79
2023-02-05 13:00:00,1.60,-10.14
2023-02-05 14:00:00,1.55,1.52
2023-02-05 15:00:00,1.40,6.74
2023-02-05 16:00:00,,1.50
2023-02-05 17:00:00,1.54,1.64
2023-02-05 18:00:00,1.55,6.92
2023-02-05 19:00:00,1.61,1.61
2023-02-05 20:00:00,1.74,-25.64
2023-02-05 21:00:00,1.60,-11.41
2023-02-05 22:00:00,1.59,1.67
2023-02-05 23:00:00,1.64,-10.15
2023-02-06 00:00:00,1.65,-7.79
2023-02-06 01:00:00,1.72,-16.93
2023-02-06 02:00:00,1.54,8.34
2023-02-06 03:00:00,1.64,-7.17
2023-02-06 04:00:00,1.61,-6.89
2023-02-06 05:00:00,1.70,-16.76
2023-02-06 06:00:00,1.66,-26.35
2023-02-06 07:00:00,1.77,-47.61
2023-02-06 08:00:00,1.69,-11.69
2023-02-06 09:00:00,1.71,-32.11
2023-02-06 10:00:00,1.53,0.53
2023-02-06 11:00:00,1.61,-0.47
2023-02-06 12:00:00,1.51,-0.13
2023-02-06 13:00:00,1.59,-9.02
2023-02-06 14:00:00,,1.57
2023-02-06 15:00:00,1.44,8.23
2023-02-06 16:00:00,1.70,-17.26
2023-02-06 17:00:00,,1.68
2023-02-06 18:00:00,1.79,-25.74
2023-02-06 19:00:00,1.57,1.75
2023-02-06 20:00:00,1.78,-40.25
2023-02-06 21:00:00,1.83,-40.32
2023-02-06 22:00:00,1.74,-18.16
2023-02-06 23:00:00,1.78,-22.42
2023-02-07 00:00:00,1.68,1.28
2023-02-07 01:00:00,,1.76
2023-02-07 02:00:00,1.81,-43.83
2023-02-07 03:00:00,,1.74
2023-02-07 04:00:00,1.65,-8.94
2023-02-07 05:00:00,1.73,-16.69
2023-02-07 06:00:00,,1.69
2023-02-07 07:00:00,1.59,-9.09
2023-02-07 08:00:00,1.67,-13.78
2023-02-07 09:00:00,1.60,-1.79
2023-02-07 10:00:00,1.70,-33.21
2023-02-07 11:00:00,,1.64
2023-02-07 12:00:00,1.62,-6.68
2023-02-07 13:00:00,1.65,1.62
2023-02-07 14:00:00,,1.60
2023-02-07 15:00:00,1.60,-17.56
2023-02-07 16:00:00,,1.62
2023-02-07 17:00:00,1.52,-6.20
2023-02-07 18:00:00,,1.68
2023-02-07 19:00:00,1.73,-33.35
2023-02-07 20:00:00,1.63,-23.33
2023-02-07 21:00:00,1.81,-33.24
2023-02-07 22:00:00,1.73,1.74
2023-02-07 23:00:00,1.61,-3.70
2023-02-08 00:00:00,1.66,-23.25
2023-02-08 01:00:00,1.55,-14.85
2023-02-08 02:00:00,,1.65
2023-02-08 03:00:00,1.62,5.56
2023-02-08 04:00:00,,1.65
2023-02-08 05:00:00,1.46,9.72
2023-02-08 06:00:00,1.76,1.66
2023-02-08 07:00:00,1.73,-36.24
2023-02-08 08:00:00,,1.69
2023-02-08 09:00:00,1.75,-38.16
2023-02-08 10:00:00,,1.66
2023-02-08 11:00:00,,1.63
2023-02-08 12:00:00,1.57,4.45
2023-02-08 13:00:00,1.63,-17.12
2023-02-08 14:00:00,1.56,-10.54
2023-02-08 15:00:00,,1.58
2023-02-08 16:00:00,1.50,-13.28
2023-02-08 17:00:00,1.66,-17.16
2023-02-08 18:00:00,1.66,-18.68
2023-02-08 19:00:00,1.73,-38.60
2023-02-08 20:00:00,,1.67
2023-02-08 21:00:00,1.60,-12.80
2023-02-08 22:00:00,1.50,13.10
2023-02-08 23:00:00,1.65,1.65
2023-02-09 00:00:00,1.58,-8.15
2023-02-09 01:00:00,1.78,-32.41
2023-02-09 02:00:00,1.72,-19.39
2023-02-09 03:00:00,1.73,1.71
2023-02-09 04:00:00,1.67,-8.18
2023-02-09 05:00:00,1.74,1.69
2023-02-09 06:00:00,1.65,-11.05
2023-02-09 07:00:00,1.77,-31.29
2023-02-09 08:00:00,1.58,-11.24
2023-02-09 09:00:00,1.65,1.71
2023-02-09 10:00:00,1.74,-26.73
2023-02-09 11:00:00,1.64,-7.84
2023-02-09 12:00:00,,1.65
2023-02-09 13:00:00,,1.63
2023-02-09 14:00:00,1.38,1.61
2023-02-09 15:00:00,1.54,3.09
2023-02-09 16:00:00,1.64,0.59
2023-02-09 17:00:00,1.83,-59.67
2023-02-09 18:00:00,1.77,-26.06
2023-02-09 19:00:00,1.75,-28.02
2023-02-09 20:00:00,1.66,2.16
2023-02-09 21:00:00,1.69,-12.41
2023-02-09 22:00:00,,1.69
2023-02-09 23:00:00,1.70,-18.71
2023-02-10 00:00:00,1.63,-8.90
2023-02-10 01:00:00,1.62,-2.90
2023-02-10 02:00:00,,1.64
2023-02-10 03:00:00,1.62,-11.31
2023-02-10 04:00:00,1.60,-11.11
2023-02-10 05:00:00,,1.66
2023-02-10 06:00:00,1.83,1.65
2023-02-10 07:00:00,1.67,-33.37
2023-02-10 08:00:00,1.61,5.10
2023-02-10 09:00:00,1.70,-22.88
2023-02-10 10:00:00,,1.63
2023-02-10 11:00:00,1.61,-5.78
2023-02-10 12:00:00,1.56,14.84
2023-02-10 13:00:00,,1.59
2023-02-10 14:00:00,1.53,16.22
2023-02-10 15:00:00,1.45,3.77
2023-02-10 16:00:00,1.70,-26.88
2023-02-10 17:00:00,1.76,-46.45
2023-02-10 18:00:00,1.78,-26.11
2023-02-10 19:00:00,1.62,-22.07
2023-02-10 20:00:00,1.59,-15.10
2023-02-10 21:00:00,1.64,-9.28
2023-02-10 22:00:00,1.69,-31.57
2023-02-10 23:00:00,1.72,-30.52
2023-02-11 00:00:00,1.71,-23.00
2023-02-11 01:00:00,1.53,1.43
2023-02-11 02:00:00,1.62,-19.41
2023-02-11 03:00:00,,1.65
2023-02-11 04:00:00,1.62,-10.94
2023-02-11 05:00:00,1.64,-7.88
2023-02-11 06:00:00,1.61,7.25
2023-02-11 07:00:00,1.61,1.66
2023-02-11 08:00:00,,1.69
2023-02-11 09:00:00,1.67,-38.76
2023-02-11 10:00:00,1.75,-11.74
2023-02-11 11:00:00,1.58,-15.24
2023-02-11 12:00:00,1.61,-10.95
2023-02-11 13:00:00,1.61,-16.86
2023-02-11 14:00:00,,1.60
2023-02-11 15:00:00,,1.60
2023-02-11 16:00:00,1.59,-16.39
2023-02-11 17:00:00,1.59,-20.10
2023-02-11 18:00:00,1.65,-24.13
2023-02-11 19:00:00,,1.65
2023-02-11 20:00:00,,1.64
2023-02-11 21:00:00,1.53,-11.05
2023-02-11 22:00:00,1.59,-8.30
2023-02-11 23:00:00,1.66,1.65
2023-02-12 00:00:00,,1.75
2023-02-12 01:00:00,,1.73
2023-02-12 02:00:00,1.67,1.72
2023-02-12 03:00:00,,1.70
2023-02-12 04:00:00,,1.70
2023-02-12 05:00:00,1.62,-15.71
2023-02-12 06:00:00,1.72,-40.09
2023-02-12 07:00:00,1.67,-11.97
2023-02-12 08:00:00,1.66,1.63
2023-02-12 09:00:00,1.61,-11.71
2023-02-12 10:00:00,,1.49
2023-02-12 11:00:00,1.49,6.94
2023-02-12 12:00:00,1.34,16.54
2023-02-12 13:00:00,1.43,9.00
2023-02-12 14:00:00,1.26,19.08
2023-02-12 15:00:00,1.57,-16.54
2023-02-12 16:00:00,,1.51
2023-02-12 17:00:00,,1.55
2023-02-12 18:00:00,1.46,-7.66
2023-02-12 19:00:00,1.62,-19.37
2023-02-12 20:00:00,1.64,-2.56
2023-02-12 21:00:00,1.65,-28.24
2023-02-12 22:00:00,1.73,-29.75
2023-02-12 23:00:00,1.60,15.06
2023-02-13 00:00:00,1.78,-36.89
2023-02-13 01:00:00,,1.73
2023-02-13 02:00:00,1.50,-9.11
2023-02-13 03:00:00,1.71,-12.06
2023-02-13 04:00:00,,1.65
2023-02-13 05:00:00,1.49,3.35
2023-02-13 06:00:00,1.56,-3.19
2023-02-13 07:00:00,,1.62
2023-02-13 08:00:00,1.52,-5.47
2023-02-13 09:00:00,,1.62
2023-02-13 10:00:00,1.70,-17.79
2023-02-13 11:00:00,1.50,-0.55
2023-02-13 12:00:00,1.49,-0.72
2023-02-13 13:00:00,1.46,12.34
2023-02-13 14:00:00,1.31,20.08
2023-02-13 15:00:00,1.49,15.94
2023-02-13 16:00:00,1.71,-29.96
2023-02-13 17:00:00,1.76,-32.93
2023-02-13 18:00:00,1.69,-21.63
2023-02-13 19:00:00,1.82,-46.65
2023-02-13 20:00:00,1.66,-20.68
2023-02-13 21:00:00,1.66,-23.81
2023-02-13 22:00:00,1.65,-14.34
2023-02-13 23:00:00,1.71,-7.21
2023-02-14 00:00:00,1.80,-42.96
2023-02-14 01:00:00,1.79,-38.64
2023-02-14 02:00:00,1.76,-15.05
2023-02-14 03:00:00,1.66,1.58
2023-02-14 04:00:00,,1.72
2023-02-14 05:00:00,1.64,-10.44
2023-02-14 06:00:00,,1.74
2023-02-14 07:00:00,1.75,-32.91
2023-02-14 08:00:00,,1.73
2023-02-14 09:00:00,1.85,-43.39
2023-02-14 10:00:00,1.66,-27.77
2023-02-14 11:00:00,,1.66
2023-02-14 12:00:00,1.55,1.62
2023-02-14 13:00:00,,1.60
2023-02-14 14:00:00,1.63,-3.66
2023-02-14 15:00:00,1.54,14.90
2023-02-14 16:00:00,1.43,11.84
2023-02-14 17:00:00,1.58,1.63
2023-02-14 18:00:00,1.59,-10.70
2023-02-14 19:00:00,1.80,-40.96
2023-02-14 20:00:00,1.75,-20.70
2023-02-14 21:00:00,,1.73
2023-02-14 22:00:00,1.59,-5.08
2023-02-14 23:00:00,1.70,1.73
2023-02-15 00:00:00,1.68,-7.32
2023-02-15 01:00:00,,1.77
2023-02-15 02:00:00,,1.75
2023-02-15 03:00:00,1.86,-36.63
2023-02-15 04:00:00,1.62,-3.42
2023-02-15 05:00:00,1.70,-24.09
2023-02-15 06:00:00,,1.71
2023-02-15 07:00:00,1.73,-44.48
2023-02-15 08:00:00,1.65,-21.78
2023-02-15 09:00:00,,1.65
2023-02-15 10:00:00,1.58,-2.98
2023-02-15 11:00:00,1.60,-15.52
2023-02-15 12:00:00,1.52,-28.45
2023-02-15 13:00:00,1.58,-8.60
2023-02-15 14:00:00,1.38,-1.36
2023-02-15 15:00:00,1.58,-16.07
2023-02-15 16:00:00,1.71,-41.19
2023-02-15 17:00:00,1.64,-34.52
2023-02-15 18:00:00,1.62,1.66
2023-02-15 19:00:00,1.74,1.68
2023-02-15 20:00:00,,1.67
2023-02-15 21:00:00,1.65,-24.90
2023-02-15 22:00:00,1.69,-19.11
2023-02-15 23:00:00,1.57,-5.28
2023-02-16 00:00:00,,1.71
2023-02-16 01:00:00,1.76,-28.55
2023-02-16 02:00:00,1.73,-18.68
2023-02-16 03:00:00,1.68,-23.99
2023-02-16 04:00:00,1.62,-6.90
2023-02-16 05:00:00,1.54,6.99
2023-02-16 06:00:00,1.50,-4.45
2023-02-16 07:00:00,1.68,-21.74
2023-02-16 08:00:00,1.70,-22.60
2023-02-16 09:00:00,1.54,1.97
2023-02-16 10:00:00,,1.61
2023-02-16 11:00:00,,1.59
2023-02-16 12:00:00,1.58,-2.81
2023-02-16 13:00:00,1.49,-3.11
2023-02-16 14:00:00,,1.60
2023-02-16 15:00:00,1.48,9.13
2023-02-16 16:00:00,1.71,-25.15
2023-02-16 17:00:00,1.57,-0.73
2023-02-16 18:00:00,1.52,-3.84
2023-02-16 19:00:00,1.55,-0.88
2023-02-16 20:00:00,1.53,-5.49
2023-02-16 21:00:00,1.68,-15.64
2023-02-16 22:00:00,1.58,-5.28
2023-02-16 23:00:00,1.58,-3.86
2023-02-17 00:00:00,1.55,1.61
2023-02-17 01:00:00,1.79,-40.91
2023-02-17 02:00:00,1.73,-23.66
2023-02-17 03:00:00,1.64,-14.82
2023-02-17 04:00:00,1.78,-27.13
2023-02-17 05:00:00,1.73,-33.27
2023-02-17 06:00:00,1.47,11.12
2023-02-17 07:00:00,1.71,-22.99
2023-02-17 08:00:00,,1.70
2023-02-17 09:00:00,1.71,-19.74
2023-02-17 10:00:00,1.71,-29.84
2023-02-17 11:00:00,,1.70
2023-02-17 12:00:00,1.72,-25.62
2023-02-17 13:00:00,1.72,-18.22
2023-02-17 14:00:00,1.72,1.69
2023-02-17 15:00:00,1.72,-20.80
2023-02-17 16:00:00,1.73,-35.52
2023-02-17 17:00:00,,1.70
2023-02-17 18:00:00,1.73,-14.05
2023-02-17 19:00:00,,1.70
2023-02-17 20:00:00,1.74,-14.61
2023-02-17 21:00:00,1.74,-15.67
2023-02-17 22:00:00,1.74,-16.40
2023-02-17 23:00:00,1.74,-20.05
2023-02-18 00:00:00,,1.74
2023-02-18 01:00:00,1.75,-17.89
2023-02-18 02:00:00,1.75,-35.12
2023-02-18 03:00:00,,1.76
2023-02-18 04:00:00,1.75,-10.05
2023-02-18 05:00:00,1.75,-34.05
2023-02-18 06:00:00,1.76,-38.33
2023-02-18 07:00:00,,1.78
2023-02-18 08:00:00,1.76,-23.78
2023-02-18 09:00:00,,1.78
2023-02-18 10:00:00,,1.78
2023-02-18 11:00:00,,1.76
2023-02-18 12:00:00,1.77,-15.41
2023-02-18 13:00:00,1.77,-23.35
2023-02-18 14:00:00,1.77,-8.02
2023-02-18 15:00:00,1.78,-19.59
2023-02-18 16:00:00,,1.72
2023-02-18 17:00:00,,1.72
2023-02-18 18:00:00,1.78,-40.11
2023-02-18 19:00:00,1.78,-24.05
2023-02-18 20:00:00,,1.75
2023-02-18 21:00:00,1.79,-28.50
2023-02-18 22:00:00,1.65,-1.75
2023-02-18 23:00:00,1.73,-26.58
2023-02-19 00:00:00,,1.72
2023-02-19 01:00:00,1.67,-9.46
2023-02-19 02:00:00,1.68,-7.44
2023-02-19 03:00:00,1.78,1.72
2023-02-19 04:00:00,,1.75
2023-02-19 05:00:00,1.64,0.98
2023-02-19 06:00:00,1.80,-17.41
2023-02-19 07:00:00,1.64,-13.01
2023-02-19 08:00:00,,1.76
2023-02-19 09:00:00,1.80,-31.77
2023-02-19 10:00:00,1.85,-35.90
2023-02-19 11:00:00,1.79,-27.46
2023-02-19 12:00:00,1.58,-15.75
2023-02-19 13:00:00,1.54,-8.56
2023-02-19 14:00:00,1.60,-14.28
2023-02-19 15:00:00,1.53,-16.31
2023-02-19 16:00:00,1.49,5.15
2023-02-19 17:00:00,1.49,13.99
2023-02-19 18:00:00,1.55,-7.40
2023-02-19 19:00:00,1.48,-3.38
2023-02-19 20:00:00,1.71,-37.74
2023-02-19 21:00:00,,1.66
2023-02-19 22:00:00,1.69,-9.98
2023-02-19 23:00:00,1.65,-26.04
2023-02-20 00:00:00,1.58,-2.02
2023-02-20 01:00:00,1.72,-19.85
2023-02-20 02:00:00,,1.65
2023-02-20 03:00:00,1.52,1.71
2023-02-20 04:00:00,,1.70
2023-02-20 05:00:00,1.74,-34.17
2023-02-20 06:00:00,1.82,-38.87
2023-02-20 07:00:00,1.70,-25.73
2023-02-20 08:00:00,1.66,-33.55
2023-02-20 09:00:00,1.61,-3.22
2023-02-20 10:00:00,1.72,-4.96
2023-02-20 11:00:00,1.50,12.09
2023-02-20 12:00:00,1.33,12.40
2023-02-20 13:00:00,1.42,2.84
2023-02-20 14:00:00,,1.55
2023-02-20 15:00:00,1.66,-10.00
2023-02-20 16:00:00,1.76,-40.02
2023-02-20 17:00:00,1.76,-35.92
2023-02-20 18:00:00,1.67,-19.54
2023-02-20 19:00:00,1.63,-11.01
2023-02-20 20:00:00,1.57,-19.72
2023-02-20 21:00:00,,1.68
2023-02-20 22:00:00,1.46,6.89
2023-02-20 23:00:00,1.72,-13.60
2023-02-21 00:00:00,1.67,-12.66
2023-02-21 01:00:00,1.61,-1.42
2023-02-21 02:00:00,,1.68
2023-02-21 03:00:00,1.67,-18.97
2023-02-21 04:00:00,1.57,-3.47
2023-02-21 05:00:00,1.76,-12.36
2023-02-21 06:00:00,,1.72
2023-02-21 07:00:00,1.78,-20.27
2023-02-21 08:00:00,1.62,2.93
2023-02-21 09:00:00,,1.69
2023-02-21 10:00:00,,1.66
2023-02-21 11:00:00,1.65,-20.18
2023-02-21 12:00:00,,1.61
2023-02-21 13:00:00,1.53,1.60
2023-02-21 14:00:00,1.57,-5.37
2023-02-21 15:00:00,1.53,9.03
2023-02-21 16:00:00,1.65,-21.76
2023-02-21 17:00:00,1.68,-48.05
2023-02-21 18:00:00,,1.65
2023-02-21 19:00:00,1.73,1.64
2023-02-21 20:00:00,1.54,1.45
2023-02-21 21:00:00,1.70,-10.05
2023-02-21 22:00:00,,1.64
2023-02-21 23:00:00,1.68,-21.40
2023-02-22 00:00:00,1.62,-3.23
2023-02-22 01:00:00,,1.66
2023-02-22 02:00:00,,1.68
2023-02-22 03:00:00,1.73,-26.77
2023-02-22 04:00:00,1.63,-21.99
2023-02-22 05:00:00,1.61,-3.07
2023-02-22 06:00:00,1.55,-6.08
2023-02-22 07:00:00,1.78,-44.99
2023-02-22 08:00:00,,1.69
2023-02-22 09:00:00,,1.66
2023-02-22 10:00:00,1.64,-14.67
2023-02-22 11:00:00,1.58,-5.23
2023-02-22 12:00:00,1.61,-9.70
2023-02-22 13:00:00,1.51,5.50
2023-02-22 14:00:00,1.63,-15.12
2023-02-22 15:00:00,1.58,2.05
2023-02-22 16:00:00,1.71,-17.77
2023-02-22 17:00:00,1.74,-19.13
2023-02-22 18:00:00,1.81,-34.05
2023-02-22 19:00:00,1.72,-21.38
2023-02-22 20:00:00,1.77,-24.08
2023-02-22 21:00:00,1.54,18.09
2023-02-22 22:00:00,1.71,-3.71
2023-02-22 23:00:00,1.64,1.69
2023-02-23 00:00:00,1.63,-10.47
2023-02-23 01:00:00,1.67,-12.96
2023-02-23 02:00:00,1.63,-1.19
2023-02-23 03:00:00,1.58,-3.45
2023-02-23 04:00:00,,1.65
2023-02-23 05:00:00,1.64,-6.99
2023-02-23 06:00:00,1.72,-25.75
2023-02-23 07:00:00,1.78,-39.24
2023-02-23 08:00:00,1.62,-10.47
2023-02-23 09:00:00,1.63,1.65
2023-02-23 10:00:00,1.58,-20.80
2023-02-23 11:00:00,1.43,1.49
2023-02-23 12:00:00,1.56,-17.58
2023-02-23 13:00:00,1.55,-7.45
2023-02-23 14:00:00,1.56,-5.14
2023-02-23 15:00:00,1.75,-48.46
2023-02-23 16:00:00,1.93,-52.71
2023-02-23 17:00:00,,1.74
2023-02-23 18:00:00,1.77,-22.56
2023-02-23 19:00:00,1.69,-14.22
2023-02-23 20:00:00,,1.70
2023-02-23 21:00:00,,1.65
2023-02-23 22:00:00,1.59,-4.18
2023-02-23 23:00:00,1.51,3.28
2023-02-24 00:00:00,1.57,5.89
2023-02-24 01:00:00,1.70,-8.82
2023-02-24 02:00:00,1.66,-20.92
2023-02-24 03:00:00,,1.62
2023-02-24 04:00:00,1.49,3.09
2023-02-24 05:00:00,,1.61
2023-02-24 06:00:00,,1.62
2023-02-24 07:00:00,1.45,-3.70
2023-02-24 08:00:00,1.72,-37.65
2023-02-24 09:00:00,1.59,-18.10
2023-02-24 10:00:00,1.68,-16.69
2023-02-24 11:00:00,1.66,-41.88
2023-02-24 12:00:00,1.50,-4.93
2023-02-24 13:00:00,1.56,7.59
2023-02-24 14:00:00,1.65,-6.51
2023-02-24 15:00:00,1.72,-23.06
2023-02-24 16:00:00,1.95,-62.51
2023-02-24 17:00:00,2.08,-87.16
2023-02-24 18:00:00,1.76,-42.90
2023-02-24 19:00:00,1.61,-10.63
2023-02-24 20:00:00,1.41,34.65
2023-02-24 21:00:00,,1.67
2023-02-24 22:00:00,1.71,1.62
2023-02-24 23:00:00,1.60,-7.72
2023-02-25 00:00:00,1.61,-8.27
2023-02-25 01:00:00,,1.56
2023-02-25 02:00:00,1.44,9.32
2023-02-25 03:00:00,1.53,1.57
2023-02-25 04:00:00,1.51,-4.23
2023-02-25 05:00:00,1.65,-6.17
2023-02-25 06:00:00,1.59,-17.95
2023-02-25 07:00:00,1.66,-19.32
2023-02-25 08:00:00,1.77,-27.73
2023-02-25 09:00:00,1.46,-1.88
2023-02-25 10:00:00,1.55,-11.05
2023-02-25 11:00:00,1.63,-23.15
2023-02-25 12:00:00,1.69,-28.71
2023-02-25 13:00:00,1.49,-10.64
2023-02-25 14:00:00,1.79,1.65
2023-02-25 15:00:00,,1.66
2023-02-25 16:00:00,,1.70
2023-02-25 17:00:00,1.80,-50.51
2023-02-25 18:00:00,1.82,1.69
2023-02-25 19:00:00,1.61,-27.69
2023-02-25 20:00:00,1.52,1.58
2023-02-25 21:00:00,1.49,-2.40
2023-02-25 22:00:00,1.28,17.17
2023-02-25 23:00:00,1.44,4.43
2023-02-26 00:00:00,1.42,9.91
2023-02-26 01:00:00,1.60,1.53
2023-02-26 02:00:00,1.66,-17.31
2023-02-26 03:00:00,1.45,4.98
2023-02-26 04:00:00,1.54,-7.14
2023-02-26 05:00:00,,1.60
2023-02-26 06:00:00,1.63,-16.87
2023-02-26 07:00:00,,1.62
2023-02-26 08:00:00,,1.62
2023-02-26 09:00:00,,1.62
2023-02-26 10:00:00,1.59,-10.14
2023-02-26 11:00:00,1.50,-12.78
2023-02-26 12:00:00,1.68,-16.60
2023-02-26 13:00:00,1.47,8.68
2023-02-26 14:00:00,1.80,-30.38
2023-02-26 15:00:00,1.76,-36.43
2023-02-26 16:00:00,1.82,1.65
2023-02-26 17:00:00,2.00,1.59
2023-02-26 18:00:00,1.72,-28.02
2023-02-26 19:00:00,,1.50
2023-02-26 20:00:00,1.33,28.08
2023-02-26 21:00:00,1.23,51.97
2023-02-26 22:00:00,1.37,21.91
2023-02-26 23:00:00,1.42,14.02
2023-02-27 00:00:00,1.42,19.27
2023-02-27 01:00:00,,1.44
2023-02-27 02:00:00,,1.41
2023-02-27 03:00:00,1.42,0.11
2023-02-27 04:00:00,1.40,8.68
2023-02-27 05:00:00,1.43,-2.58
2023-02-27 06:00:00,1.54,4.26
2023-02-27 07:00:00,1.51,0.37
2023-02-27 08:00:00,1.54,1.56
2023-02-27 09:00:00,1.61,-23.06
2023-02-27 10:00:00,1.46,1.19
2023-02-27 11:00:00,1.68,-25.82
2023-02-27 12:00:00,1.54,10.65
2023-02-27 13:00:00,1.59,-4.97
2023-02-27 14:00:00,1.54,-6.52
2023-02-27 15:00:00,1.45,-1.71
2023-02-27 16:00:00,1.59,-21.60
2023-02-27 17:00:00,1.72,-42.99
2023-02-27 18:00:00,1.51,-5.05
2023-02-27 19:00:00,1.43,-0.43
2023-02-27 20:00:00,1.48,19.47
2023-02-27 21:00:00,1.45,10.77
2023-02-27 22:00:00,1.33,17.24
2023-02-27 23:00:00,1.40,12.63
2023-02-28 00:00:00,,1.56
2023-02-28 01:00:00,1.57,9.27
2023-02-28 02:00:00,,1.58
2023-02-28 03:00:00,1.51,-13.39
2023-02-28 04:00:00,1.58,9.98
2023-02-28 05:00:00,,1.61
2023-02-28 06:00:00,1.66,-20.12
2023-02-28 07:00:00,1.60,-11.40
2023-02-28 08:00:00,1.59,-12.80
2023-02-28 09:00:00,1.67,-14.00
2023-02-28 10:00:00,1.61,1.62
2023-02-28 11:00:00,1.62,-20.54
2023-02-28 12:00:00,1.68,-26.75
2023-02-28 13:00:00,,1.56
2023-02-28 14:00:00,1.49,15.84
2023-02-28 15:00:00,1.59,-30.26
2023-02-28 16:00:00,1.54,-12.76
2023-02-28 17:00:00,1.64,-10.71
2023-02-28 18:00:00,1.52,1.58
2023-02-28 19:00:00,1.48,1.58
2023-02-28 20:00:00,1.44,13.57
2023-02-28 21:00:00,1.56,-2.53
2023-02-28 22:00:00,1.50,11.81
2023-02-28 23:00:00,1.52,6.67
2023-03-01 00:00:00,1.42,7.18
2023-03-01 01:00:00,,1.55
2023-03-01 02:00:00,1.49,-3.02
2023-03-01 03:00:00,1.35,1.57
2023-03-01 04:00:00,1.59,-0.20
2023-03-01 05:00:00,,1.62
2023-03-01 06:00:00,1.68,-9.09
2023-03-01 07:00:00,1.57,-12.30
2023-03-01 08:00:00,1.69,-27.68
2023-03-01 09:00:00,,1.59
2023-03-01 10:00:00,1.51,1.56
2023-03-01 11:00:00,1.50,-8.43
2023-03-01 12:00:00,1.30,16.28
2023-03-01 13:00:00,,1.52
2023-03-01 14:00:00,,1.55
2023-03-01 15:00:00,1.59,-14.04
2023-03-01 16:00:00,1.80,-22.74
2023-03-01 17:00:00,1.81,-41.03
2023-03-01 18:00:00,1.69,-34.46
2023-03-01 19:00:00,1.64,-18.14
2023-03-01 20:00:00,,1.66
2023-03-01 21:00:00,1.65,-20.08
2023-03-01 22:00:00,1.57,-17.64
2023-03-01 23:00:00,1.50,3.63
2023-03-02 00:00:00,1.52,11.90
2023-03-02 01:00:00,1.69,-18.30
2023-03-02 02:00:00,1.55,1.67
2023-03-02 03:00:00,,1.66
2023-03-02 04:00:00,1.77,-34.51
2023-03-02 05:00:00,,1.61
2023-03-02 06:00:00,1.52,8.95
2023-03-02 07:00:00,1.58,-5.58
2023-03-02 08:00:00,1.51,0.83
2023-03-02 09:00:00,,1.56
2023-03-02 10:00:00,1.51,-6.17
2023-03-02 11:00:00,1.57,-3.16
2023-03-02 12:00:00,,1.55
2023-03-02 13:00:00,1.43,3.18
2023-03-02 14:00:00,1.48,1.60
2023-03-02 15:00:00,1.66,-25.50
2023-03-02 16:00:00,1.57,-2.27
2023-03-02 17:00:00,1.79,1.69
2023-03-02 18:00:00,1.77,-30.32
2023-03-02 19:00:00,1.62,-21.57
2023-03-02 20:00:00,,1.63
2023-03-02 21:00:00,1.63,-28.19
2023-03-02 22:00:00,1.58,-3.02
2023-03-02 23:00:00,1.45,6.23
2023-03-03 00:00:00,,1.59
2023-03-03 01:00:00,1.69,-12.66
2023-03-03 02:00:00,1.53,2.69
2023-03-03 03:00:00,1.62,-21.19
2023-03-03 04:00:00,1.68,-10.42
2023-03-03 05:00:00,1.54,-10.20
2023-03-03 06:00:00,1.54,-7.28
2023-03-03 07:00:00,1.65,-3.56
2023-03-03 08:00:00,1.51,9.55
2023-03-03 09:00:00,1.69,1.62
2023-03-03 10:00:00,1.73,-18.17
2023-03-03 11:00:00,1.62,-7.83
2023-03-03 12:00:00,1.54,5.23
2023-03-03 13:00:00,1.61,-4.94
2023-03-03 14:00:00,1.69,-31.14
2023-03-03 15:00:00,1.82,-39.80
2023-03-03 16:00:00,,1.70
2023-03-03 17:00:00,1.89,1.66
2023-03-03 18:00:00,1.77,-29.07
2023-03-03 19:00:00,1.54,-4.75
2023-03-03 20:00:00,1.42,10.24
2023-03-03 21:00:00,1.41,1.29
2023-03-03 22:00:00,1.27,26.52
2023-03-03 23:00:00,,1.50
2023-03-04 00:00:00,,1.49
2023-03-04 01:00:00,,1.48
2023-03-04 02:00:00,1.37,13.09
2023-03-04 03:00:00,1.49,1.93
2023-03-04 04:00:00,1.51,6.77
2023-03-04 05:00:00,1.72,-41.18
2023-03-04 06:00:00,1.58,-13.84
2023-03-04 07:00:00,1.55,2.51
2023-03-04 08:00:00,1.64,-15.88
2023-03-04 09:00:00,,1.61
2023-03-04 10:00:00,,1.59
2023-03-04 11:00:00,1.71,-25.99
2023-03-04 12:00:00,,1.54
2023-03-04 13:00:00,1.42,3.43
2023-03-04 14:00:00,1.44,9.92
2023-03-04 15:00:00,1.66,-22.34
2023-03-04 16:00:00,1.86,1.64
2023-03-04 17:00:00,1.68,-22.72
2023-03-04 18:00:00,1.72,-35.22
2023-03-04 19:00:00,1.43,15.17
2023-03-04 20:00:00,1.50,1.52
2023-03-04 21:00:00,1.44,17.08
2023-03-04 22:00:00,1.36,12.92
2023-03-04 23:00:00,1.48,25.35
2023-03-05 00:00:00,1.50,12.22
2023-03-05 01:00:00,1.43,4.51
2023-03-05 02:00:00,1.52,-15.03
2023-03-05 03:00:00,1.52,7.54
2023-03-05 04:00:00,,1.51
2023-03-05 05:00:00,1.61,-1.79
2023-03-05 06:00:00,1.30,24.42
2023-03-05 07:00:00,1.61,-5.97
2023-03-05 08:00:00,1.43,4.46
2023-03-05 09:00:00,1.46,7.97
2023-03-05 10:00:00,1.45,7.93
2023-03-05 11:00:00,1.63,-14.75
2023-03-05 12:00:00,1.57,-20.61
2023-03-05 13:00:00,1.49,-3.88
2023-03-05 14:00:00,,1.60
2023-03-05 15:00:00,1.51,-3.18
2023-03-05 16:00:00,1.74,-30.62
2023-03-05 17:00:00,1.90,-56.38
2023-03-05 18:00:00,1.75,-37.71
2023-03-05 19:00:00,1.41,15.44
2023-03-05 20:00:00,1.43,3.64
2023-03-05 21:00:00,1.24,1.45
2023-03-05 22:00:00,1.35,4.59
2023-03-05 23:00:00,1.40,5.18
2023-03-06 00:00:00,1.39,14.86
2023-03-06 01:00:00,1.34,1.36
2023-03-06 02:00:00,1.32,6.11
2023-03-06 03:00:00,,1.38
2023-03-06 04:00:00,1.43,1.39
2023-03-06 05:00:00,1.32,-1.16
2023-03-06 06:00:00,,1.40
2023-03-06 07:00:00,1.35,17.54
2023-03-06 08:00:00,1.49,1.38
2023-03-06 09:00:00,1.40,5.26
2023-03-06 10:00:00,1.44,10.90
2023-03-06 11:00:00,1.30,9.69
2023-03-06 12:00:00,1.54,9.25
2023-03-06 13:00:00,1.47,19.55
2023-03-06 14:00:00,1.73,-38.92
2023-03-06 15:00:00,1.80,-38.93
2023-03-06 16:00:00,1.67,-30.15
2023-03-06 17:00:00,1.69,1.60
2023-03-06 18:00:00,1.60,-12.09
2023-03-06 19:00:00,1.39,10.67
2023-03-06 20:00:00,1.54,-4.85
2023-03-06 21:00:00,,1.44
2023-03-06 22:00:00,,1.41
2023-03-06 23:00:00,1.40,7.04
2023-03-07 00:00:00,1.27,16.41
2023-03-07 01:00:00,1.37,8.89
2023-03-07 02:00:00,1.36,24.03
2023-03-07 03:00:00,1.65,2.42
2023-03-07 04:00:00,1.29,1.45
2023-03-07 05:00:00,,1.46
2023-03-07 06:00:00,1.44,1.45
2023-03-07 07:00:00,1.63,-24.38
2023-03-07 08:00:00,1.31,17.19
2023-03-07 09:00:00,,1.44
2023-03-07 10:00:00,1.55,3.32
2023-03-07 11:00:00,1.37,1.54
2023-03-07 12:00:00,1.57,-3.53
2023-03-07 13:00:00,,1.63
2023-03-07 14:00:00,1.60,1.70
2023-03-07 15:00:00,1.84,-52.73
2023-03-07 16:00:00,,1.72
2023-03-07 17:00:00,1.57,-12.60
2023-03-07 18:00:00,1.61,-11.99
2023-03-07 19:00:00,1.34,12.05
2023-03-07 20:00:00,1.34,1.39
2023-03-07 21:00:00,1.20,19.86
2023-03-07 22:00:00,1.33,11.62
2023-03-07 23:00:00,1.11,37.02
2023-03-08 00:00:00,1.36,8.98
2023-03-08 01:00:00,,1.33
2023-03-08 02:00:00,1.38,11.14
2023-03-08 03:00:00,,1.34
2023-03-08 04:00:00,1.31,3.16
2023-03-08 05:00:00,,1.39
2023-03-08 06:00:00,1.22,29.54
2023-03-08 07:00:00,1.64,-9.30
2023-03-08 08:00:00,1.46,19.70
2023-03-08 09:00:00,1.46,6.92
2023-03-08 10:00:00,1.33,20.36
2023-03-08 11:00:00,1.44,-7.57
2023-03-08 12:00:00,1.65,-7.64
2023-03-08 13:00:00,1.65,-18.50
2023-03-08 14:00:00,1.42,14.65
2023-03-08 15:00:00,1.48,9.85
2023-03-08 16:00:00,1.61,1.67
2023-03-08 17:00:00,1.75,-48.33
2023-03-08 18:00:00,1.62,-10.38
2023-03-08 19:00:00,1.38,-0.13
2023-03-08 20:00:00,1.55,-9.10
2023-03-08 21:00:00,1.23,31.25
2023-03-08 22:00:00,1.19,40.72
2023-03-08 23:00:00,1.30,29.25
2023-03-09 00:00:00,1.37,16.88
2023-03-09 01:00:00,1.39,26.88
2023-03-09 02:00:00,,1.24
2023-03-09 03:00:00,1.08,38.23
2023-03-09 04:00:00,1.27,1.22
2023-03-09 05:00:00,1.30,3.63
2023-03-09 06:00:00,1.27,23.28
2023-03-09 07:00:00,1.17,29.66
2023-03-09 08:00:00,,1.32
2023-03-09 09:00:00,1.38,10.00
2023-03-09 10:00:00,1.29,1.35
2023-03-09 11:00:00,,1.39
2023-03-09 12:00:00,1.38,3.80
2023-03-09 13:00:00,1.38,10.51
2023-03-09 14:00:00,1.58,-10.56
2023-03-09 15:00:00,1.73,-35.91
2023-03-09 16:00:00,1.54,-0.98
2023-03-09 17:00:00,,1.46
2023-03-09 18:00:00,1.38,18.10
2023-03-09 19:00:00,1.20,21.98
2023-03-09 20:00:00,1.16,40.02
2023-03-09 21:00:00,1.32,23.06
2023-03-09 22:00:00,1.11,30.85
2023-03-09 23:00:00,,1.21
2023-03-10 00:00:00,1.24,16.14
2023-03-10 01:00:00,,1.36
2023-03-10 02:00:00,1.37,1.38
2023-03-10 03:00:00,1.34,10.14
2023-03-10 04:00:00,1.56,5.38
2023-03-10 05:00:00,1.43,16.04
2023-03-10 06:00:00,1.47,5.24
2023-03-10 07:00:00,,1.40
2023-03-10 08:00:00,1.49,-4.60
2023-03-10 09:00:00,1.26,10.34
2023-03-10 10:00:00,,1.35
2023-03-10 11:00:00,1.31,19.28
2023-03-10 12:00:00,1.25,9.11
2023-03-10 13:00:00,1.30,7.66
2023-03-10 14:00:00,1.63,-16.76
2023-03-10 15:00:00,,1.37
2023-03-10 16:00:00,1.11,31.88
2023-03-10 17:00:00,,1.34
2023-03-10 18:00:00,1.14,24.40
2023-03-10 19:00:00,1.55,-3.22
2023-03-10 20:00:00,1.58,-9.10
2023-03-10 21:00:00,,1.39
2023-03-10 22:00:00,,1.35
2023-03-10 23:00:00,,1.34
2023-03-11 00:00:00,1.19,1.32
2023-03-11 01:00:00,,1.33
2023-03-11 02:00:00,1.36,1.62
2023-03-11 03:00:00,1.30,10.50
2023-03-11 04:00:00,1.35,16.47
2023-03-11 05:00:00,1.41,3.25
2023-03-11 06:00:00,1.28,30.71
2023-03-11 07:00:00,1.35,6.69
2023-03-11 08:00:00,,1.39
2023-03-11 09:00:00,1.40,3.57
2023-03-11 10:00:00,1.66,-18.90
2023-03-11 11:00:00,1.59,-2.71
2023-03-11 12:00:00,,1.51
2023-03-11 13:00:00,1.74,1.52
2023-03-11 14:00:00,1.47,0.11
2023-03-11 15:00:00,,1.57
2023-03-11 16:00:00,1.82,-63.99
2023-03-11 17:00:00,,1.52
2023-03-11 18:00:00,1.59,-23.23
2023-03-11 19:00:00,1.41,3.50
2023-03-11 20:00:00,1.32,7.33
2023-03-11 21:00:00,1.24,2.66
2023-03-11 22:00:00,,1.31
2023-03-11 23:00:00,,1.27
2023-03-12 00:00:00,,1.39
2023-03-12 01:00:00,,1.40
2023-03-12 02:00:00,1.51,-3.77
2023-03-12 03:00:00,,1.46
2023-03-12 04:00:00,1.42,-8.59
2023-03-12 05:00:00,1.54,5.37
2023-03-12 06:00:00,1.42,-12.33
2023-03-12 07:00:00,1.58,1.01
2023-03-12 08:00:00,1.52,-0.88
2023-03-12 09:00:00,1.71,-14.36
2023-03-12 10:00:00,,1.55
2023-03-12 11:00:00,1.31,14.06
2023-03-12 12:00:00,1.64,-6.54
2023-03-12 13:00:00,1.74,-20.21
2023-03-12 14:00:00,,1.67
2023-03-12 15:00:00,1.68,-21.26
2023-03-12 16:00:00,1.88,-55.52
2023-03-12 17:00:00,1.83,-47.92
2023-03-12 18:00:00,1.58,3.88
2023-03-12 19:00:00,1.55,-13.50
2023-03-12 20:00:00,1.35,10.04
2023-03-12 21:00:00,1.23,35.75
2023-03-12 22:00:00,1.25,40.26
2023-03-12 23:00:00,1.23,48.81
2023-03-13 00:00:00,,1.34
2023-03-13 01:00:00,1.36,12.05
2023-03-13 02:00:00,1.25,13.57
2023-03-13 03:00:00,1.53,-24.49
2023-03-13 04:00:00,1.57,-7.44
2023-03-13 05:00:00,1.25,1.37
2023-03-13 06:00:00,1.26,6.65
2023-03-13 07:00:00,1.44,3.34
2023-03-13 08:00:00,1.56,-17.74
2023-03-13 09:00:00,1.65,-23.05
2023-03-13 10:00:00,1.27,30.94
2023-03-13 11:00:00,1.47,1.41
2023-03-13 12:00:00,1.23,32.69
2023-03-13 13:00:00,1.40,12.42
2023-03-13 14:00:00,,1.50
2023-03-13 15:00:00,1.72,-37.17
2023-03-13 16:00:00,1.57,-14.66
2023-03-13 17:00:00,1.65,-18.12
2023-03-13 18:00:00,1.50,4.34
2023-03-13 19:00:00,1.66,-15.93
2023-03-13 20:00:00,1.34,16.27
2023-03-13 21:00:00,,1.36
2023-03-13 22:00:00,1.29,32.75
2023-03-13 23:00:00,1.37,7.60
2023-03-14 00:00:00,1.27,22.55
2023-03-14 01:00:00,,1.23
2023-03-14 02:00:00,1.27,17.00
2023-03-14 03:00:00,1.00,40.95
2023-03-14 04:00:00,,1.24
2023-03-14 05:00:00,1.47,-7.08
2023-03-14 06:00:00,1.21,26.55
2023-03-14 07:00:00,,1.33
2023-03-14 08:00:00,1.45,4.99
2023-03-14 09:00:00,1.55,-7.72
2023-03-14 10:00:00,,1.40
2023-03-14 11:00:00,1.48,8.64
2023-03-14 12:00:00,1.25,5.63
2023-03-14 13:00:00,1.46,3.22
2023-03-14 14:00:00,1.47,-12.79
2023-03-14 15:00:00,1.37,1.45
2023-03-14 16:00:00,1.47,2.19
2023-03-14 17:00:00,,1.38
2023-03-14 18:00:00,1.26,27.31
2023-03-14 19:00:00,,1.31
2023-03-14 20:00:00,1.29,15.03
2023-03-14 21:00:00,1.27,41.30
2023-03-14 22:00:00,,1.26
2023-03-14 23:00:00,1.27,32.14
2023-03-15 00:00:00,1.51,3.72
2023-03-15 01:00:00,1.29,25.21
2023-03-15 02:00:00,1.24,24.94
2023-03-15 03:00:00,,1.27
2023-03-15 04:00:00,1.43,3.19
2023-03-15 05:00:00,1.38,-7.86
2023-03-15 06:00:00,1.49,1.32
2023-03-15 07:00:00,1.32,7.64
2023-03-15 08:00:00,1.51,8.87
2023-03-15 09:00:00,1.32,21.15
2023-03-15 10:00:00,1.54,-0.49
2023-03-15 11:00:00,1.42,11.03
2023-03-15 12:00:00,1.42,6.58
2023-03-15 13:00:00,1.58,-2.07
2023-03-15 14:00:00,,1.72
2023-03-15 15:00:00,1.94,-53.63
2023-03-15 16:00:00,,1.69
2023-03-15 17:00:00,1.65,-26.03
2023-03-15 18:00:00,1.55,-8.18
2023-03-15 19:00:00,1.23,14.76
2023-03-15 20:00:00,,1.34
2023-03-15 21:00:00,1.21,18.47
2023-03-15 22:00:00,,1.28
2023-03-15 23:00:00,1.39,6.68
2023-03-16 00:00:00,1.23,29.17
2023-03-16 01:00:00,1.45,1.04
2023-03-16 02:00:00,,1.32
2023-03-16 03:00:00,1.43,2.00
2023-03-16 04:00:00,1.24,29.56
2023-03-16 05:00:00,1.35,6.74
2023-03-16 06:00:00,,1.37
2023-03-16 07:00:00,1.43,14.46
2023-03-16 08:00:00,1.29,23.02
2023-03-16 09:00:00,1.26,21.94
2023-03-16 10:00:00,1.56,-1.51
2023-03-16 11:00:00,,1.44
2023-03-16 12:00:00,1.42,1.52
2023-03-16 13:00:00,1.33,1.58
2023-03-16 14:00:00,1.71,-32.27
2023-03-16 15:00:00,1.51,-6.16
2023-03-16 16:00:00,1.56,-0.98
2023-03-16 17:00:00,1.64,-1.74
2023-03-16 18:00:00,1.62,-20.44
2023-03-16 19:00:00,1.46,1.45
2023-03-16 20:00:00,1.27,29.73
2023-03-16 21:00:00,1.39,1.38
2023-03-16 22:00:00,1.39,12.50
2023-03-16 23:00:00,,1.33
2023-03-17 00:00:00,,1.32
2023-03-17 01:00:00,1.18,25.26
2023-03-17 02:00:00,,1.33
2023-03-17 03:00:00,1.34,3.19
2023-03-17 04:00:00,1.36,6.73
2023-03-17 05:00:00,1.50,1.70
2023-03-17 06:00:00,1.45,-9.73
2023-03-17 07:00:00,1.49,-0.65
2023-03-17 08:00:00,1.42,7.39
2023-03-17 09:00:00,1.33,15.71
2023-03-17 10:00:00,1.32,12.84
2023-03-17 11:00:00,,1.41
2023-03-17 12:00:00,,1.42
2023-03-17 13:00:00,1.40,17.47
2023-03-17 14:00:00,,1.53
2023-03-17 15:00:00,1.70,-20.69
2023-03-17 16:00:00,,1.59
2023-03-17 17:00:00,1.62,-14.24
2023-03-17 18:00:00,,1.47
2023-03-17 19:00:00,1.27,16.01
2023-03-17 20:00:00,1.26,25.36
2023-03-17 21:00:00,1.31,19.29
2023-03-17 22:00:00,1.31,27.99
2023-03-17 23:00:00,1.29,30.45
2023-03-18 00:00:00,1.42,14.86
2023-03-18 01:00:00,1.37,13.18
2023-03-18 02:00:00,,1.23
2023-03-18 03:00:00,1.38,-5.34
2023-03-18 04:00:00,1.36,-6.47
2023-03-18 05:00:00,1.13,16.47
2023-03-18 06:00:00,1.33,13.60
2023-03-18 07:00:00,1.53,5.88
2023-03-18 08:00:00,1.43,4.16
2023-03-18 09:00:00,1.51,-1.31
2023-03-18 10:00:00,1.39,0.85
2023-03-18 11:00:00,1.34,2.54
2023-03-18 12:00:00,1.45,3.77
2023-03-18 13:00:00,1.45,7.10
2023-03-18 14:00:00,1.62,9.78
2023-03-18 15:00:00,1.65,1.70
2023-03-18 16:00:00,,1.70
2023-03-18 17:00:00,1.60,-11.26
2023-03-18 18:00:00,1.88,-65.02
2023-03-18 19:00:00,1.56,1.52
2023-03-18 20:00:00,1.35,20.68
2023-03-18 21:00:00,1.24,26.97
2023-03-18 22:00:00,,1.34
2023-03-18 23:00:00,1.24,16.92
2023-03-19 00:00:00,,1.21
2023-03-19 01:00:00,1.07,46.57
2023-03-19 02:00:00,0.86,40.18
2023-03-19 03:00:00,1.26,21.67
2023-03-19 04:00:00,,1.21
2023-03-19 05:00:00,1.19,25.29
2023-03-19 06:00:00,1.28,11.50
2023-03-19 07:00:00,1.41,0.62
2023-03-19 08:00:00,1.45,-2.83
2023-03-19 09:00:00,1.24,17.92
2023-03-19 10:00:00,1.40,2.56
2023-03-19 11:00:00,1.22,41.52
2023-03-19 12:00:00,1.23,24.69
2023-03-19 13:00:00,1.40,11.66
2023-03-19 14:00:00,1.69,-10.97
2023-03-19 15:00:00,1.55,8.20
2023-03-19 16:00:00,1.82,-40.83
2023-03-19 17:00:00,1.90,-63.66
2023-03-19 18:00:00,1.46,1.29
2023-03-19 19:00:00,1.40,10.12
2023-03-19 20:00:00,1.40,16.37
2023-03-19 21:00:00,0.94,1.33
2023-03-19 22:00:00,,1.26
2023-03-19 23:00:00,,1.23
2023-03-20 00:00:00,1.22,28.90
2023-03-20 01:00:00,1.34,12.49
2023-03-20 02:00:00,1.09,42.99
2023-03-20 03:00:00,1.43,8.39
2023-03-20 04:00:00,1.06,21.18
2023-03-20 05:00:00,1.46,1.30
2023-03-20 06:00:00,1.46,7.79
2023-03-20 07:00:00,1.30,24.93
2023-03-20 08:00:00,1.47,0.01
2023-03-20 09:00:00,1.39,13.15
2023-03-20 10:00:00,1.21,7.57
2023-03-20 11:00:00,1.11,33.41
2023-03-20 12:00:00,1.41,2.30
2023-03-20 13:00:00,1.44,1.31
2023-03-20 14:00:00,1.37,16.85
2023-03-20 15:00:00,1.23,20.15
2023-03-20 16:00:00,1.56,0.77
2023-03-20 17:00:00,1.70,-16.74
2023-03-20 18:00:00,,1.51
2023-03-20 19:00:00,1.21,27.45
2023-03-20 20:00:00,1.46,-7.08
2023-03-20 21:00:00,1.41,9.12
2023-03-20 22:00:00,1.45,9.82
2023-03-20 23:00:00,1.51,1.36
2023-03-21 00:00:00,1.53,-1.04
2023-03-21 01:00:00,1.32,1.31
2023-03-21 02:00:00,,1.29
2023-03-21 03:00:00,1.34,8.13
2023-03-21 04:00:00,,1.30
2023-03-21 05:00:00,1.31,0.42
2023-03-21 06:00:00,1.65,-14.29
2023-03-21 07:00:00,1.32,7.85
2023-03-21 08:00:00,1.34,1.49
2023-03-21 09:00:00,1.72,-28.48
2023-03-21 10:00:00,1.60,7.59
2023-03-21 11:00:00,,1.44
2023-03-21 12:00:00,1.30,15.14
2023-03-21 13:00:00,,1.39
2023-03-21 14:00:00,1.35,3.70
2023-03-21 15:00:00,,1.40
2023-03-21 16:00:00,,1.46
2023-03-21 17:00:00,1.54,1.07
2023-03-21 18:00:00,,1.50
2023-03-21 19:00:00,1.68,-38.66
2023-03-21 20:00:00,,1.46
2023-03-21 21:00:00,1.28,32.24
2023-03-21 22:00:00,1.37,15.47
2023-03-21 23:00:00,1.52,7.11
2023-03-22 00:00:00,,1.32
2023-03-22 01:00:00,1.34,10.99
2023-03-22 02:00:00,1.38,11.12
2023-03-22 03:00:00,1.15,36.64
2023-03-22 04:00:00,1.37,6.35
2023-03-22 05:00:00,1.59,-4.18
2023-03-22 06:00:00,1.70,-38.46
2023-03-22 07:00:00,1.40,17.78
2023-03-22 08:00:00,1.59,-15.71
2023-03-22 09:00:00,1.58,1.51
2023-03-22 10:00:00,,1.46
2023-03-22 11:00:00,1.41,0.29
2023-03-22 12:00:00,1.13,24.87
2023-03-22 13:00:00,1.45,21.98
2023-03-22 14:00:00,1.47,1.60
2023-03-22 15:00:00,1.66,-18.15
2023-03-22 16:00:00,,1.68
2023-03-22 17:00:00,1.84,-59.18
2023-03-22 18:00:00,,1.59
2023-03-22 19:00:00,1.44,-0.07
2023-03-22 20:00:00,1.48,-6.19
2023-03-22 21:00:00,,1.41
2023-03-22 22:00:00,1.27,26.19
2023-03-22 23:00:00,1.43,5.44
2023-03-23 00:00:00,,1.26
2023-03-23 01:00:00,,1.28
2023-03-23 02:00:00,,1.27
2023-03-23 03:00:00,1.25,21.48
2023-03-23 04:00:00,1.28,27.95
2023-03-23 05:00:00,1.54,-1.88
2023-03-23 06:00:00,,1.38
2023-03-23 07:00:00,1.22,11.44
2023-03-23 08:00:00,1.56,-7.79
2023-03-23 09:00:00,1.57,-15.08
2023-03-23 10:00:00,1.84,-60.87
2023-03-23 11:00:00,1.66,1.65
2023-03-23 12:00:00,,1.61
2023-03-23 13:00:00,1.61,-2.45
2023-03-23 14:00:00,,1.56
2023-03-23 15:00:00,1.50,6.45
2023-03-23 16:00:00,1.57,-13.81
2023-03-23 17:00:00,1.42,7.88
2023-03-23 18:00:00,,1.45
2023-03-23 19:00:00,1.33,1.40
2023-03-23 20:00:00,1.39,-1.85
2023-03-23 21:00:00,1.51,-0.22
2023-03-23 22:00:00,1.10,43.90
2023-03-23 23:00:00,1.25,1.24
2023-03-24 00:00:00,1.41,17.94
2023-03-24 01:00:00,1.55,-15.50
2023-03-24 02:00:00,,1.26
2023-03-24 03:00:00,1.22,11.98
2023-03-24 04:00:00,1.06,26.40
2023-03-24 05:00:00,1.48,6.62
2023-03-24 06:00:00,,1.34
2023-03-24 07:00:00,1.30,12.77
2023-03-24 08:00:00,,1.38
2023-03-24 09:00:00,1.44,1.40
2023-03-24 10:00:00,1.34,4.68
2023-03-24 11:00:00,1.59,-6.18
2023-03-24 12:00:00,1.41,2.37
2023-03-24 13:00:00,1.82,-40.45
2023-03-24 14:00:00,1.42,12.33
2023-03-24 15:00:00,1.66,-24.15
2023-03-24 16:00:00,1.58,-5.52
2023-03-24 17:00:00,1.58,-4.25
2023-03-24 18:00:00,,1.41
2023-03-24 19:00:00,1.22,8.56
2023-03-24 20:00:00,1.30,1.37
2023-03-24 21:00:00,1.44,2.35
2023-03-24 22:00:00,1.44,4.60
2023-03-24 23:00:00,,1.30
2023-03-25 00:00:00,1.19,21.77
2023-03-25 01:00:00,1.50,4.59
2023-03-25 02:00:00,1.15,44.11
2023-03-25 03:00:00,1.22,22.28
2023-03-25 04:00:00,1.51,5.64
2023-03-25 05:00:00,1.39,14.11
2023-03-25 06:00:00,1.48,17.94
2023-03-25 07:00:00,1.41,13.10
2023-03-25 08:00:00,1.54,5.49
2023-03-25 09:00:00,1.24,25.71
2023-03-25 10:00:00,1.47,-2.06
2023-03-25 11:00:00,1.40,11.09
2023-03-25 12:00:00,,1.42
2023-03-25 13:00:00,,1.42
2023-03-25 14:00:00,1.34,11.21
2023-03-25 15:00:00,,1.40
2023-03-25 16:00:00,1.40,8.72
2023-03-25 17:00:00,1.57,-16.90
2023-03-25 18:00:00,,1.34
2023-03-25 19:00:00,,1.29
2023-03-25 20:00:00,1.10,34.41
2023-03-25 21:00:00,,1.18
2023-03-25 22:00:00,1.15,11.99
2023-03-25 23:00:00,0.94,46.98
2023-03-26 00:00:00,,1.26
2023-03-26 01:00:00,1.36,-14.34
2023-03-26 02:00:00,,1.27
2023-03-26 03:00:00,1.35,18.75
2023-03-26 04:00:00,,1.31
2023-03-26 05:00:00,1.33,1.31
2023-03-26 06:00:00,1.54,1.33
2023-03-26 07:00:00,1.50,-0.60
2023-03-26 08:00:00,,1.37
2023-03-26 09:00:00,1.36,28.01
2023-03-26 10:00:00,1.51,-9.58
2023-03-26 11:00:00,1.31,8.02
2023-03-26 12:00:00,,1.55
2023-03-26 13:00:00,1.50,3.99
2023-03-26 14:00:00,,1.72
2023-03-26 15:00:00,1.73,-33.63
2023-03-26 16:00:00,1.84,-53.52
2023-03-26 17:00:00,2.00,-74.92
2023-03-26 18:00:00,1.82,1.65
2023-03-26 19:00:00,1.39,1.56
2023-03-26 20:00:00,1.36,19.56
2023-03-26 21:00:00,1.28,10.31
2023-03-26 22:00:00,,1.31
2023-03-26 23:00:00,1.21,31.49
2023-03-27 00:00:00,1.09,40.17
2023-03-27 01:00:00,,1.21
2023-03-27 02:00:00,1.38,0.11
2023-03-27 03:00:00,1.16,26.98
2023-03-27 04:00:00,1.00,28.55
2023-03-27 05:00:00,1.38,2.92
2023-03-27 06:00:00,1.27,21.29
2023-03-27 07:00:00,1.13,24.36
2023-03-27 08:00:00,1.75,-29.53
2023-03-27 09:00:00,1.29,1.38
2023-03-27 10:00:00,,1.43
2023-03-27 11:00:00,,1.44
2023-03-27 12:00:00,1.54,6.58
2023-03-27 13:00:00,,1.45
2023-03-27 14:00:00,1.30,10.71
2023-03-27 15:00:00,1.59,-18.03
2023-03-27 16:00:00,1.51,-3.91
2023-03-27 17:00:00,1.71,-25.47
2023-03-27 18:00:00,1.68,-18.57
2023-03-27 19:00:00,1.37,4.57
2023-03-27 20:00:00,1.21,36.70
2023-03-27 21:00:00,1.14,15.03
2023-03-27 22:00:00,1.13,31.96
2023-03-27 23:00:00,1.06,32.00
2023-03-28 00:00:00,1.14,38.50
2023-03-28 01:00:00,1.12,13.75
2023-03-28 02:00:00,1.17,18.20
2023-03-28 03:00:00,1.20,21.70
2023-03-28 04:00:00,,1.17
2023-03-28 05:00:00,1.01,26.00
2023-03-28 06:00:00,1.06,24.40
2023-03-28 07:00:00,1.17,33.84
2023-03-28 08:00:00,1.32,1.79
2023-03-28 09:00:00,,1.27
2023-03-28 10:00:00,1.24,17.71
2023-03-28 11:00:00,1.31,22.37
2023-03-28 12:00:00,1.39,10.47
2023-03-28 13:00:00,1.36,1.37
2023-03-28 14:00:00,1.34,13.09
2023-03-28 15:00:00,,1.55
2023-03-28 16:00:00,1.53,-0.57
2023-03-28 17:00:00,1.57,-21.34
2023-03-28 18:00:00,,1.48
2023-03-28 19:00:00,1.61,-16.97
2023-03-28 20:00:00,1.22,28.64
2023-03-28 21:00:00,1.28,17.26
2023-03-28 22:00:00,1.24,1.19
2023-03-28 23:00:00,0.88,57.20
2023-03-29 00:00:00,1.16,37.71
2023-03-29 01:00:00,1.12,33.37
2023-03-29 02:00:00,1.11,26.60
2023-03-29 03:00:00,1.11,33.48
2023-03-29 04:00:00,,1.16
2023-03-29 05:00:00,1.12,1.16
2023-03-29 06:00:00,1.06,40.16
2023-03-29 07:00:00,1.44,1.21
2023-03-29 08:00:00,1.56,-3.81
2023-03-29 09:00:00,1.45,6.30
2023-03-29 10:00:00,,1.35
2023-03-29 11:00:00,1.54,9.91
2023-03-29 12:00:00,1.44,-0.09
2023-03-29 13:00:00,1.32,4.82
2023-03-29 14:00:00,1.51,1.22
2023-03-29 15:00:00,1.61,-0.49
2023-03-29 16:00:00,1.80,1.69
2023-03-29 17:00:00,1.70,-29.23
2023-03-29 18:00:00,1.89,-64.40
2023-03-29 19:00:00,1.39,9.24
2023-03-29 20:00:00,1.31,2.50
2023-03-29 21:00:00,1.11,33.73
2023-03-29 22:00:00,1.16,32.82
2023-03-29 23:00:00,1.34,2.87
2023-03-30 00:00:00,1.04,23.27
2023-03-30 01:00:00,1.38,-2.90
2023-03-30 02:00:00,1.17,17.74
2023-03-30 03:00:00,1.19,4.83
2023-03-30 04:00:00,0.93,21.09
2023-03-30 05:00:00,1.13,0.35
2023-03-30 06:00:00,1.05,27.28
2023-03-30 07:00:00,1.18,1.18
2023-03-30 08:00:00,,1.20
2023-03-30 09:00:00,1.33,7.31
2023-03-30 10:00:00,,1.25
2023-03-30 11:00:00,,1.25
2023-03-30 12:00:00,,1.29
2023-03-30 13:00:00,1.40,6.73
2023-03-30 14:00:00,1.37,18.03
2023-03-30 15:00:00,1.49,-0.26
2023-03-30 16:00:00,1.57,5.14
2023-03-30 17:00:00,1.53,-10.65
2023-03-30 18:00:00,1.44,1.74
2023-03-30 19:00:00,1.27,4.20
2023-03-30 20:00:00,1.44,-7.26
2023-03-30 21:00:00,1.32,26.49
2023-03-30 22:00:00,1.04,31.71
2023-03-30 23:00:00,0.92,41.07
2023-03-31 00:00:00,1.05,1.16
2023-03-31 01:00:00,1.10,33.38
2023-03-31 02:00:00,0.87,46.49
2023-03-31 03:00:00,1.20,18.01
2023-03-31 04:00:00,,1.12
2023-03-31 05:00:00,1.43,-9.39
2023-03-31 06:00:00,,1.17
2023-03-31 07:00:00,,1.12
2023-03-31 08:00:00,1.06,1.11
2023-03-31 09:00:00,1.16,38.52
2023-03-31 10:00:00,0.93,48.47
2023-03-31 11:00:00,1.06,46.82
2023-03-31 12:00:00,1.28,5.14
2023-03-31 13:00:00,1.42,4.59
2023-03-31 14:00:00,,1.42
2023-03-31 15:00:00,1.67,-16.83
2023-03-31 16:00:00,1.42,15.20
2023-03-31 17:00:00,1.79,-45.50
2023-03-31 18:00:00,1.50,1.58
2023-03-31 19:00:00,,1.35
2023-03-31 20:00:00,0.88,49.11
2023-03-31 21:00:00,,1.18
2023-03-31 22:00:00,,1.13
2023-03-31 23:00:00,1.13,27.64
2023-04-01 00:00:00,1.00,1.13
2023-04-01 01:00:00,1.00,49.49
2023-04-01 02:00:00,1.04,37.87
2023-04-01 03:00:00,1.09,17.02
2023-04-01 04:00:00,,1.16
2023-04-01 05:00:00,,1.16
2023-04-01 06:00:00,1.01,29.15
2023-04-01 07:00:00,1.01,20.93
2023-04-01 08:00:00,1.19,23.05
2023-04-01 09:00:00,0.83,46.21
2023-04-01 10:00:00,,1.16
2023-04-01 11:00:00,,1.12
2023-04-01 12:00:00,1.24,20.67
2023-04-01 13:00:00,0.99,38.47
2023-04-01 14:00:00,1.21,2.43
2023-04-01 15:00:00,1.01,47.17
2023-04-01 16:00:00,1.31,7.76
2023-04-01 17:00:00,,1.21
2023-04-01 18:00:00,1.22,8.35
2023-04-01 19:00:00,1.24,26.95
2023-04-01 20:00:00,1.06,29.52
2023-04-01 21:00:00,1.17,30.85
2023-04-01 22:00:00,1.04,40.95
2023-04-01 23:00:00,1.08,32.99
2023-04-02 00:00:00,1.27,26.84
2023-04-02 01:00:00,1.04,1.21
2023-04-02 02:00:00,1.21,15.09
2023-04-02 03:00:00,1.46,1.30
2023-04-02 04:00:00,1.59,-19.56
2023-04-02 05:00:00,1.49,-10.41
2023-04-02 06:00:00,1.28,9.65
2023-04-02 07:00:00,1.47,9.33
2023-04-02 08:00:00,1.33,22.79
2023-04-02 09:00:00,1.57,1.25
2023-04-02 10:00:00,1.52,-9.28
2023-04-02 11:00:00,1.40,-2.22
2023-04-02 12:00:00,,1.22
2023-04-02 13:00:00,,1.25
2023-04-02 14:00:00,1.16,20.39
2023-04-02 15:00:00,,1.21
2023-04-02 16:00:00,1.54,-5.35
2023-04-02 17:00:00,1.38,2.94
2023-04-02 18:00:00,1.44,11.06
2023-04-02 19:00:00,1.18,32.20
2023-04-02 20:00:00,1.16,24.50
2023-04-02 21:00:00,1.34,1.17
2023-04-02 22:00:00,,1.16
2023-04-02 23:00:00,1.36,1.18
2023-04-03 00:00:00,1.31,9.63
2023-04-03 01:00:00,1.21,31.30
2023-04-03 02:00:00,,1.32
2023-04-03 03:00:00,1.27,22.62
2023-04-03 04:00:00,1.22,12.93
2023-04-03 05:00:00,,1.42
2023-04-03 06:00:00,1.62,-24.12
2023-04-03 07:00:00,,1.47
2023-04-03 08:00:00,1.38,9.42
2023-04-03 09:00:00,1.41,4.26
2023-04-03 10:00:00,1.31,-5.95
2023-04-03 11:00:00,1.42,13.83
2023-04-03 12:00:00,,1.30
2023-04-03 13:00:00,1.17,28.25
2023-04-03 14:00:00,1.47,1.35
2023-04-03 15:00:00,1.44,-4.97
2023-04-03 16:00:00,1.47,1.76
2023-04-03 17:00:00,1.56,-11.33
2023-04-03 18:00:00,,1.30
2023-04-03 19:00:00,,1.33
2023-04-03 20:00:00,1.16,29.01
2023-04-03 21:00:00,1.14,22.22
2023-04-03 22:00:00,1.15,43.21
2023-04-03 23:00:00,,1.29
2023-04-04 00:00:00,1.43,10.10
2023-04-04 01:00:00,1.34,18.00
2023-04-04 02:00:00,1.39,21.07
2023-04-04 03:00:00,1.19,31.67
2023-04-04 04:00:00,,1.30
2023-04-04 05:00:00,1.40,13.47
2023-04-04 06:00:00,1.35,20.97
2023-04-04 07:00:00,,1.37
2023-04-04 08:00:00,,1.36
2023-04-04 09:00:00,,1.31
2023-04-04 10:00:00,1.23,33.50
2023-04-04 11:00:00,1.35,4.77
2023-04-04 12:00:00,1.19,36.40
2023-04-04 13:00:00,1.16,29.11
2023-04-04 14:00:00,1.21,16.01
2023-04-04 15:00:00,1.31,11.86
2023-04-04 16:00:00,1.18,38.29
2023-04-04 17:00:00,1.55,5.95
2023-04-04 18:00:00,,1.36
2023-04-04 19:00:00,1.65,-27.40
2023-04-04 20:00:00,1.28,29.75
2023-04-04 21:00:00,1.51,7.73
2023-04-04 22:00:00,1.17,16.07
2023-04-04 23:00:00,1.58,-17.23
2023-04-05 00:00:00,1.20,28.27
2023-04-05 01:00:00,1.68,-21.60
2023-04-05 02:00:00,1.86,-44.63
2023-04-05 03:00:00,1.34,12.75
2023-04-05 04:00:00,1.62,-6.27
2023-04-05 05:00:00,1.58,-4.50
2023-04-05 06:00:00,1.50,10.39
2023-04-05 07:00:00,1.63,-27.70
2023-04-05 08:00:00,,1.61
2023-04-05 09:00:00,1.58,-8.07
2023-04-05 10:00:00,1.58,-16.28
2023-04-05 11:00:00,1.35,11.19
2023-04-05 12:00:00,1.48,3.77
2023-04-05 13:00:00,1.38,4.55
2023-04-05 14:00:00,1.48,-12.77
2023-04-05 15:00:00,1.66,-9.80
2023-04-05 16:00:00,1.45,1.55
2023-04-05 17:00:00,1.56,-8.67
2023-04-05 18:00:00,1.50,-7.25
2023-04-05 19:00:00,1.38,5.17
2023-04-05 20:00:00,1.48,-12.90
2023-04-05 21:00:00,,1.37
2023-04-05 22:00:00,1.30,24.02
2023-04-05 23:00:00,1.36,20.14
2023-04-06 00:00:00,1.41,6.00
2023-04-06 01:00:00,1.36,13.98
2023-04-06 02:00:00,1.47,1.45
2023-04-06 03:00:00,,1.44
2023-04-06 04:00:00,1.37,-0.28
2023-04-06 05:00:00,1.61,-8.99
2023-04-06 06:00:00,1.47,7.69
2023-04-06 07:00:00,,1.60
2023-04-06 08:00:00,1.69,-17.58
2023-04-06 09:00:00,1.80,-42.24
2023-04-06 10:00:00,1.35,22.16
2023-04-06 11:00:00,1.46,15.31
2023-04-06 12:00:00,1.60,-11.36
2023-04-06 13:00:00,1.55,-5.04
2023-04-06 14:00:00,1.44,1.57
2023-04-06 15:00:00,1.74,-37.14
2023-04-06 16:00:00,,1.64
2023-04-06 17:00:00,1.86,-54.06
2023-04-06 18:00:00,1.59,-21.04
2023-04-06 19:00:00,,1.46
2023-04-06 20:00:00,1.26,21.02
2023-04-06 21:00:00,1.06,52.59
2023-04-06 22:00:00,1.34,1.30
2023-04-06 23:00:00,1.31,27.83
2023-04-07 00:00:00,1.39,6.01
2023-04-07 01:00:00,1.38,3.08
2023-04-07 02:00:00,1.28,16.86
2023-04-07 03:00:00,1.41,11.90
2023-04-07 04:00:00,1.07,19.20
2023-04-07 05:00:00,1.30,1.83
2023-04-07 06:00:00,1.30,10.51
2023-04-07 07:00:00,1.46,-0.15
2023-04-07 08:00:00,1.45,5.63
2023-04-07 09:00:00,1.42,-16.05
2023-04-07 10:00:00,1.18,16.83
2023-04-07 11:00:00,,1.31
2023-04-07 12:00:00,1.31,1.34
2023-04-07 13:00:00,1.22,32.00
2023-04-07 14:00:00,1.67,-22.89
2023-04-07 15:00:00,1.53,-7.81
2023-04-07 16:00:00,1.75,-36.69
2023-04-07 17:00:00,1.73,1.70
2023-04-07 18:00:00,1.92,-51.13
2023-04-07 19:00:00,,1.60
2023-04-07 20:00:00,1.55,-11.74
2023-04-07 21:00:00,,1.47
2023-04-07 22:00:00,1.11,49.01
2023-04-07 23:00:00,,1.31
2023-04-08 00:00:00,1.21,17.38
2023-04-08 01:00:00,1.15,30.28
2023-04-08 02:00:00,1.37,8.88
2023-04-08 03:00:00,1.16,28.92
2023-04-08 04:00:00,1.07,46.01
2023-04-08 05:00:00,1.46,-0.24
2023-04-08 06:00:00,1.20,12.13
2023-04-08 07:00:00,1.18,34.13
2023-04-08 08:00:00,1.13,31.61
2023-04-08 09:00:00,1.31,14.94
2023-04-08 10:00:00,,1.26
2023-04-08 11:00:00,1.13,23.31
2023-04-08 12:00:00,1.23,10.05
2023-04-08 13:00:00,1.57,0.84
2023-04-08 14:00:00,1.50,-7.16
2023-04-08 15:00:00,1.66,-24.19
2023-04-08 16:00:00,1.58,-1.92
2023-04-08 17:00:00,1.37,20.51
2023-04-08 18:00:00,1.47,1.41
2023-04-08 19:00:00,1.35,16.98
2023-04-08 20:00:00,1.07,43.25
2023-04-08 21:00:00,1.49,3.76
2023-04-08 22:00:00,1.08,1.20
2023-04-08 23:00:00,1.12,30.38
2023-04-09 00:00:00,1.08,27.12
2023-04-09 01:00:00,,1.17
2023-04-09 02:00:00,1.04,29.34
2023-04-09 03:00:00,1.12,18.70
2023-04-09 04:00:00,,1.17
2023-04-09 05:00:00,1.31,9.28
2023-04-09 06:00:00,,1.21
2023-04-09 07:00:00,,1.22
2023-04-09 08:00:00,1.20,1.22
2023-04-09 09:00:00,1.42,-6.69
2023-04-09 10:00:00,1.13,29.51
2023-04-09 11:00:00,1.15,1.27
2023-04-09 12:00:00,1.49,-4.90
2023-04-09 13:00:00,1.51,1.38
2023-04-09 14:00:00,,1.48
2023-04-09 15:00:00,1.61,-8.05
2023-04-09 16:00:00,,1.46
2023-04-09 17:00:00,1.27,11.61
2023-04-09 18:00:00,1.43,5.75
2023-04-09 19:00:00,,1.23
2023-04-09 20:00:00,1.23,24.23
2023-04-09 21:00:00,0.96,47.67
2023-04-09 22:00:00,,1.13
2023-04-09 23:00:00,,1.12
2023-04-10 00:00:00,1.06,1.11
2023-04-10 01:00:00,1.17,13.88
2023-04-10 02:00:00,0.93,35.66
2023-04-10 03:00:00,1.21,-8.99
2023-04-10 04:00:00,0.77,59.71
2023-04-10 05:00:00,1.11,30.51
2023-04-10 06:00:00,,1.15
2023-04-10 07:00:00,1.07,37.33
2023-04-10 08:00:00,,1.17
2023-04-10 09:00:00,1.24,34.48
2023-04-10 10:00:00,1.19,27.89
2023-04-10 11:00:00,,1.26
2023-04-10 12:00:00,,1.31
2023-04-10 13:00:00,,1.40
2023-04-10 14:00:00,1.36,18.97
2023-04-10 15:00:00,1.64,-15.53
2023-04-10 16:00:00,1.74,-43.43
2023-04-10 17:00:00,,1.50
2023-04-10 18:00:00,1.16,29.36
2023-04-10 19:00:00,1.35,13.59
2023-04-10 20:00:00,,1.20
2023-04-10 21:00:00,0.96,52.28
2023-04-10 22:00:00,,1.11
2023-04-10 23:00:00,0.89,33.00
2023-04-11 00:00:00,0.97,32.59
2023-04-11 01:00:00,,1.13
2023-04-11 02:00:00,1.15,18.89
2023-04-11 03:00:00,1.29,24.76
2023-04-11 04:00:00,1.36,12.22
2023-04-11 05:00:00,0.89,39.01
2023-04-11 06:00:00,1.09,7.46
2023-04-11 07:00:00,1.29,1.16
2023-04-11 08:00:00,1.16,1.16
2023-04-11 09:00:00,1.18,16.70
2023-04-11 10:00:00,,1.24
2023-04-11 11:00:00,1.35,11.40
2023-04-11 12:00:00,1.36,-5.09
2023-04-11 13:00:00,,1.39
2023-04-11 14:00:00,1.47,20.01
2023-04-11 15:00:00,1.60,-19.41
2023-04-11 16:00:00,,1.30
2023-04-11 17:00:00,1.17,23.09
2023-04-11 18:00:00,1.28,12.80
2023-04-11 19:00:00,1.35,7.22
2023-04-11 20:00:00,1.06,22.94
2023-04-11 21:00:00,1.04,34.46
2023-04-11 22:00:00,1.27,13.12
2023-04-11 23:00:00,0.73,52.47
2023-04-12 00:00:00,0.92,41.91
2023-04-12 01:00:00,,1.12
2023-04-12 02:00:00,,1.14
2023-04-12 03:00:00,0.95,32.73
2023-04-12 04:00:00,1.16,21.67
2023-04-12 05:00:00,,1.10
2023-04-12 06:00:00,1.03,1.10
2023-04-12 07:00:00,1.13,34.34
2023-04-12 08:00:00,1.09,20.76
2023-04-12 09:00:00,0.77,52.93
2023-04-12 10:00:00,1.23,14.88
2023-04-12 11:00:00,1.22,22.69
2023-04-12 12:00:00,1.44,7.82
2023-04-12 13:00:00,,1.24
2023-04-12 14:00:00,,1.30
2023-04-12 15:00:00,1.55,-0.42
2023-04-12 16:00:00,,1.28
2023-04-12 17:00:00,1.23,22.91
2023-04-12 18:00:00,1.07,19.17
2023-04-12 19:00:00,,1.13
2023-04-12 20:00:00,0.91,31.86
2023-04-12 21:00:00,,1.05
2023-04-12 22:00:00,0.71,32.75
2023-04-12 23:00:00,1.00,1.03
2023-04-13 00:00:00,,1.21
2023-04-13 01:00:00,1.11,1.18
2023-04-13 02:00:00,,1.15
2023-04-13 03:00:00,1.05,28.60
2023-04-13 04:00:00,1.15,11.52
2023-04-13 05:00:00,1.01,1.21
2023-04-13 06:00:00,1.19,13.70
2023-04-13 07:00:00,,1.22
2023-04-13 08:00:00,,1.20
2023-04-13 09:00:00,1.17,21.35
2023-04-13 10:00:00,1.20,16.24
2023-04-13 11:00:00,1.08,38.86
2023-04-13 12:00:00,1.03,33.20
2023-04-13 13:00:00,1.36,13.69
2023-04-13 14:00:00,1.36,4.12
2023-04-13 15:00:00,1.48,1.25
2023-04-13 16:00:00,1.48,-3.01
2023-04-13 17:00:00,,1.27
2023-04-13 18:00:00,0.90,1.24
2023-04-13 19:00:00,,1.24
2023-04-13 20:00:00,,1.22
2023-04-13 21:00:00,1.08,34.30
2023-04-13 22:00:00,1.29,15.88
2023-04-13 23:00:00,,1.17
2023-04-14 00:00:00,1.30,22.94
2023-04-14 01:00:00,1.03,33.35
2023-04-14 02:00:00,0.97,41.60
2023-04-14 03:00:00,1.25,18.20
2023-04-14 04:00:00,1.03,18.84
2023-04-14 05:00:00,0.98,37.93
2023-04-14 06:00:00,1.17,21.57
2023-04-14 07:00:00,,1.20
2023-04-14 08:00:00,1.14,26.13
2023-04-14 09:00:00,1.49,8.06
2023-04-14 10:00:00,,1.19
2023-04-14 11:00:00,1.07,40.96
2023-04-14 12:00:00,1.34,7.44
2023-04-14 13:00:00,1.42,1.21
2023-04-14 14:00:00,1.33,5.92
2023-04-14 15:00:00,,1.21
2023-04-14 16:00:00,1.30,16.35
2023-04-14 17:00:00,1.61,1.25
2023-04-14 18:00:00,1.45,10.76
2023-04-14 19:00:00,1.35,21.51
2023-04-14 20:00:00,1.15,25.74
2023-04-14 21:00:00,1.23,27.62
2023-04-14 22:00:00,0.84,44.63
2023-04-14 23:00:00,,1.10
2023-04-15 00:00:00,0.79,46.01
2023-04-15 01:00:00,0.85,39.18
2023-04-15 02:00:00,1.32,5.39
2023-04-15 03:00:00,1.24,11.57
2023-04-15 04:00:00,1.12,-2.46
2023-04-15 05:00:00,1.06,27.87
2023-04-15 06:00:00,,1.15
2023-04-15 07:00:00,1.24,15.80
2023-04-15 08:00:00,1.24,11.92
2023-04-15 09:00:00,1.16,21.09
2023-04-15 10:00:00,0.83,55.75
2023-04-15 11:00:00,1.45,-5.74
2023-04-15 12:00:00,,1.30
2023-04-15 13:00:00,1.20,33.38
2023-04-15 14:00:00,1.30,26.01
2023-04-15 15:00:00,1.64,-20.82
2023-04-15 16:00:00,1.61,-8.54
2023-04-15 17:00:00,1.58,-3.38
2023-04-15 18:00:00,1.42,1.45
2023-04-15 19:00:00,1.47,2.68
2023-04-15 20:00:00,1.30,24.97
2023-04-15 21:00:00,1.07,30.04
2023-04-15 22:00:00,1.28,21.81
2023-04-15 23:00:00,,1.15
2023-04-16 00:00:00,1.21,12.36
2023-04-16 01:00:00,0.97,46.36
2023-04-16 02:00:00,1.04,14.36
2023-04-16 03:00:00,1.27,9.98
2023-04-16 04:00:00,1.22,-0.52
2023-04-16 05:00:00,1.11,17.20
2023-04-16 06:00:00,0.92,46.62
2023-04-16 07:00:00,1.13,19.99
2023-04-16 08:00:00,,1.16
2023-04-16 09:00:00,0.99,1.18
2023-04-16 10:00:00,,1.21
2023-04-16 11:00:00,1.34,26.99
2023-04-16 12:00:00,1.20,32.98
2023-04-16 13:00:00,1.25,26.17
2023-04-16 14:00:00,1.34,12.01
2023-04-16 15:00:00,1.27,22.43
2023-04-16 16:00:00,,1.33
2023-04-16 17:00:00,1.43,1.05
2023-04-16 18:00:00,,1.34
2023-04-16 19:00:00,1.48,12.82
2023-04-16 20:00:00,1.15,31.27
2023-04-16 21:00:00,,1.14
2023-04-16 22:00:00,1.04,27.10
2023-04-16 23:00:00,1.04,14.15
2023-04-17 00:00:00,1.09,27.54
2023-04-17 01:00:00,1.05,29.16
2023-04-17 02:00:00,1.04,33.27
2023-04-17 03:00:00,1.06,15.87
2023-04-17 04:00:00,0.92,22.66
2023-04-17 05:00:00,,1.13
2023-04-17 06:00:00,1.07,23.64
2023-04-17 07:00:00,0.95,33.63
2023-04-17 08:00:00,,1.11
2023-04-17 09:00:00,1.19,1.15
2023-04-17 10:00:00,1.19,11.86
2023-04-17 11:00:00,1.33,-10.85
2023-04-17 12:00:00,1.05,41.48
2023-04-17 13:00:00,1.32,20.50
2023-04-17 14:00:00,1.33,20.60
2023-04-17 15:00:00,1.54,-2.38
2023-04-17 16:00:00,1.74,-18.67
2023-04-17 17:00:00,1.56,1.26
2023-04-17 18:00:00,1.37,18.55
2023-04-17 19:00:00,1.19,33.78
2023-04-17 20:00:00,1.23,37.74
2023-04-17 21:00:00,1.14,32.02
2023-04-17 22:00:00,,1.17
2023-04-17 23:00:00,1.21,37.27
2023-04-18 00:00:00,1.12,23.47
2023-04-18 01:00:00,1.06,24.37
2023-04-18 02:00:00,1.02,32.24
2023-04-18 03:00:00,1.56,-11.20
2023-04-18 04:00:00,1.20,26.56
2023-04-18 05:00:00,1.03,25.55
2023-04-18 06:00:00,1.12,27.29
2023-04-18 07:00:00,1.04,22.71
2023-04-18 08:00:00,0.89,53.91
2023-04-18 09:00:00,0.99,54.23
2023-04-18 10:00:00,1.09,43.28
2023-04-18 11:00:00,1.19,23.49
2023-04-18 12:00:00,,1.22
2023-04-18 13:00:00,1.29,10.12
2023-04-18 14:00:00,1.33,16.86
2023-04-18 15:00:00,1.37,1.45
2023-04-18 16:00:00,1.55,7.90
2023-04-18 17:00:00,1.68,-15.64
2023-04-18 18:00:00,1.67,-7.70
2023-04-18 19:00:00,1.73,-25.24
2023-04-18 20:00:00,1.33,18.08
2023-04-18 21:00:00,1.28,20.08
2023-04-18 22:00:00,1.07,1.23
2023-04-18 23:00:00,1.24,22.59
2023-04-19 00:00:00,1.16,26.85
2023-04-19 01:00:00,1.09,24.52
2023-04-19 02:00:00,1.09,10.65
2023-04-19 03:00:00,,1.17
2023-04-19 04:00:00,,1.20
2023-04-19 05:00:00,,1.19
2023-04-19 06:00:00,1.08,21.78
2023-04-19 07:00:00,1.18,24.54
2023-04-19 08:00:00,1.17,30.84
2023-04-19 09:00:00,0.98,1.18
2023-04-19 10:00:00,1.16,23.30
2023-04-19 11:00:00,1.05,28.62
2023-04-19 12:00:00,,1.11
2023-04-19 13:00:00,,1.06
2023-04-19 14:00:00,,1.11
2023-04-19 15:00:00,0.92,39.83
2023-04-19 16:00:00,,1.05
2023-04-19 17:00:00,1.31,1.06
2023-04-19 18:00:00,0.95,26.21
2023-04-19 19:00:00,,1.09
2023-04-19 20:00:00,1.02,1.12
2023-04-19 21:00:00,1.16,27.29
2023-04-19 22:00:00,,1.13
2023-04-19 23:00:00,,1.18
2023-04-20 00:00:00,1.12,24.62
2023-04-20 01:00:00,1.10,19.48
2023-04-20 02:00:00,1.20,18.02
2023-04-20 03:00:00,1.14,1.14
2023-04-20 04:00:00,,1.17
2023-04-20 05:00:00,1.04,23.77
2023-04-20 06:00:00,1.11,22.10
2023-04-20 07:00:00,0.97,27.74
2023-04-20 08:00:00,,1.09
2023-04-20 09:00:00,1.21,12.77
2023-04-20 10:00:00,0.72,71.98
2023-04-20 11:00:00,1.18,15.30
2023-04-20 12:00:00,0.97,42.05
2023-04-20 13:00:00,,1.06
2023-04-20 14:00:00,1.11,29.06
2023-04-20 15:00:00,,1.05
2023-04-20 16:00:00,,1.05
2023-04-20 17:00:00,,1.11
2023-04-20 18:00:00,1.02,38.73
2023-04-20 19:00:00,,1.08
2023-04-20 20:00:00,1.13,44.56
2023-04-20 21:00:00,1.00,42.23
2023-04-20 22:00:00,0.93,28.85
2023-04-20 23:00:00,1.04,25.70
2023-04-21 00:00:00,1.18,15.48
2023-04-21 01:00:00,1.04,25.41
2023-04-21 02:00:00,,1.19
2023-04-21 03:00:00,,1.20
2023-04-21 04:00:00,1.00,36.75
2023-04-21 05:00:00,1.26,-6.50
2023-04-21 06:00:00,,1.20
2023-04-21 07:00:00,1.11,30.17
2023-04-21 08:00:00,1.17,18.73
2023-04-21 09:00:00,,1.23
2023-04-21 10:00:00,1.19,17.84
2023-04-21 11:00:00,,1.24
2023-04-21 12:00:00,,1.24
2023-04-21 13:00:00,1.39,15.03
2023-04-21 14:00:00,1.28,5.79
2023-04-21 15:00:00,1.10,36.33
2023-04-21 16:00:00,,1.30
2023-04-21 17:00:00,1.36,4.96
2023-04-21 18:00:00,1.32,1.33
2023-04-21 19:00:00,,1.31
2023-04-21 20:00:00,1.36,8.38
2023-04-21 21:00:00,,1.30
2023-04-21 22:00:00,1.28,30.06
2023-04-21 23:00:00,1.14,50.51
2023-04-22 00:00:00,1.07,1.23
2023-04-22 01:00:00,1.00,1.23
2023-04-22 02:00:00,,1.20
2023-04-22 03:00:00,1.21,23.30
2023-04-22 04:00:00,1.18,18.30
2023-04-22 05:00:00,1.17,1.20
2023-04-22 06:00:00,1.08,28.76
2023-04-22 07:00:00,,1.21
2023-04-22 08:00:00,,1.24
2023-04-22 09:00:00,1.49,3.88
2023-04-22 10:00:00,1.28,8.10
2023-04-22 11:00:00,1.36,15.22
2023-04-22 12:00:00,1.22,23.81
2023-04-22 13:00:00,1.49,6.70
2023-04-22 14:00:00,1.27,11.85
2023-04-22 15:00:00,1.19,29.52
2023-04-22 16:00:00,1.30,0.74
2023-04-22 17:00:00,1.55,-4.80
2023-04-22 18:00:00,1.57,1.35
2023-04-22 19:00:00,1.21,1.30
2023-04-22 20:00:00,1.31,12.40
2023-04-22 21:00:00,,1.28
2023-04-22 22:00:00,1.15,1.23
2023-04-22 23:00:00,,1.24
2023-04-23 00:00:00,1.15,24.83
2023-04-23 01:00:00,1.11,17.46
2023-04-23 02:00:00,0.99,29.12
2023-04-23 03:00:00,1.05,25.12
2023-04-23 04:00:00,1.31,1.18
2023-04-23 05:00:00,,1.21
2023-04-23 06:00:00,1.24,16.68
2023-04-23 07:00:00,,1.22
2023-04-23 08:00:00,1.31,10.18
2023-04-23 09:00:00,1.14,15.80
2023-04-23 10:00:00,,1.28
2023-04-23 11:00:00,,1.35
2023-04-23 12:00:00,,1.38
2023-04-23 13:00:00,1.57,-11.02
2023-04-23 14:00:00,1.44,0.55
2023-04-23 15:00:00,1.76,-46.79
2023-04-23 16:00:00,1.54,10.36
2023-04-23 17:00:00,1.47,-3.73
2023-04-23 18:00:00,,1.34
2023-04-23 19:00:00,1.15,15.97
2023-04-23 20:00:00,1.24,26.57
2023-04-23 21:00:00,1.11,29.39
2023-04-23 22:00:00,1.16,29.88
2023-04-23 23:00:00,1.02,38.48
2023-04-24 00:00:00,1.18,25.88
2023-04-24 01:00:00,1.13,20.39
2023-04-24 02:00:00,1.14,20.29
2023-04-24 03:00:00,1.15,13.06
2023-04-24 04:00:00,1.09,8.59
2023-04-24 05:00:00,1.05,20.64
2023-04-24 06:00:00,1.13,12.74
2023-04-24 07:00:00,1.05,32.69
2023-04-24 08:00:00,1.06,1.17
2023-04-24 09:00:00,1.13,35.75
2023-04-24 10:00:00,1.17,29.68
2023-04-24 11:00:00,1.46,1.94
2023-04-24 12:00:00,1.08,24.19
2023-04-24 13:00:00,0.97,58.16
2023-04-24 14:00:00,,1.17
2023-04-24 15:00:00,1.31,1.22
2023-04-24 16:00:00,1.32,20.84
2023-04-24 17:00:00,1.48,1.25
2023-04-24 18:00:00,1.54,8.77
2023-04-24 19:00:00,1.21,19.79
2023-04-24 20:00:00,1.16,16.19
2023-04-24 21:00:00,1.18,28.44
2023-04-24 22:00:00,1.00,27.63
2023-04-24 23:00:00,1.07,14.86
2023-04-25 00:00:00,1.34,11.02
2023-04-25 01:00:00,1.15,15.89
2023-04-25 02:00:00,1.28,5.73
2023-04-25 03:00:00,1.36,2.06
2023-04-25 04:00:00,1.27,10.78
2023-04-25 05:00:00,,1.23
2023-04-25 06:00:00,1.38,5.17
2023-04-25 07:00:00,0.97,35.59
2023-04-25 08:00:00,1.21,24.44
2023-04-25 09:00:00,1.39,1.18
2023-04-25 10:00:00,,1.20
2023-04-25 11:00:00,1.04,21.04
2023-04-25 12:00:00,1.25,15.23
2023-04-25 13:00:00,1.29,15.29
2023-04-25 14:00:00,1.48,7.76
2023-04-25 15:00:00,1.67,1.59
2023-04-25 16:00:00,1.82,-44.32
2023-04-25 17:00:00,1.69,-14.76
2023-04-25 18:00:00,1.89,-47.99
2023-04-25 19:00:00,,1.46
2023-04-25 20:00:00,1.20,36.39
2023-04-25 21:00:00,,1.35
2023-04-25 22:00:00,1.04,45.68
2023-04-25 23:00:00,0.95,54.83
2023-04-26 00:00:00,1.06,39.35
2023-04-26 01:00:00,,1.18
2023-04-26 02:00:00,1.16,18.87
2023-04-26 03:00:00,1.25,23.09
2023-04-26 04:00:00,1.08,19.61
2023-04-26 05:00:00,1.07,1.18
2023-04-26 06:00:00,1.16,23.74
2023-04-26 07:00:00,1.01,38.99
2023-04-26 08:00:00,1.01,50.06
2023-04-26 09:00:00,0.90,50.79
2023-04-26 10:00:00,1.15,20.67
2023-04-26 11:00:00,0.94,40.26
2023-04-26 12:00:00,1.12,32.10
2023-04-26 13:00:00,1.30,10.39
2023-04-26 14:00:00,1.25,13.16
2023-04-26 15:00:00,1.34,2.38
2023-04-26 16:00:00,1.32,6.72
2023-04-26 17:00:00,1.24,10.77
2023-04-26 18:00:00,1.07,47.87
2023-04-26 19:00:00,1.02,36.91
2023-04-26 20:00:00,1.11,1.16
2023-04-26 21:00:00,1.01,20.66
2023-04-26 22:00:00,,1.13
2023-04-26 23:00:00,1.08,23.84
2023-04-27 00:00:00,1.32,17.09
2023-04-27 01:00:00,1.37,0.29
2023-04-27 02:00:00,1.38,9.48
2023-04-27 03:00:00,1.14,13.51
2023-04-27 04:00:00,,1.19
2023-04-27 05:00:00,,1.20
2023-04-27 06:00:00,1.38,-11.52
2023-04-27 07:00:00,1.09,20.79
2023-04-27 08:00:00,1.16,34.11
2023-04-27 09:00:00,1.42,1.20
2023-04-27 10:00:00,0.81,1.18
2023-04-27 11:00:00,,1.18
2023-04-27 12:00:00,1.26,5.51
2023-04-27 13:00:00,1.18,24.03
2023-04-27 14:00:00,1.30,11.84
2023-04-27 15:00:00,1.17,19.81
2023-04-27 16:00:00,1.22,21.73
2023-04-27 17:00:00,1.25,9.29
2023-04-27 18:00:00,,1.19
2023-04-27 19:00:00,1.00,40.91
2023-04-27 20:00:00,,1.18
2023-04-27 21:00:00,,1.18
2023-04-27 22:00:00,1.24,30.47
2023-04-27 23:00:00,0.95,42.81
2023-04-28 00:00:00,1.14,3.48
2023-04-28 01:00:00,1.30,16.31
2023-04-28 02:00:00,1.10,28.50
2023-04-28 03:00:00,1.32,19.90
2023-04-28 04:00:00,0.87,42.27
2023-04-28 05:00:00,,1.13
2023-04-28 06:00:00,1.00,34.43
2023-04-28 07:00:00,1.05,38.97
2023-04-28 08:00:00,1.53,1.16
2023-04-28 09:00:00,1.12,27.58
2023-04-28 10:00:00,1.25,16.84
2023-04-28 11:00:00,,1.22
2023-04-28 12:00:00,1.24,19.78
2023-04-28 13:00:00,1.42,-6.45
2023-04-28 14:00:00,1.18,39.49
2023-04-28 15:00:00,1.76,-49.84
2023-04-28 16:00:00,1.90,-63.50
2023-04-28 17:00:00,,1.48
2023-04-28 18:00:00,1.34,1.44
2023-04-28 19:00:00,1.34,11.76
2023-04-28 20:00:00,1.13,19.23
2023-04-28 21:00:00,1.26,28.95
2023-04-28 22:00:00,1.05,37.97
2023-04-28 23:00:00,1.23,9.80
2023-04-29 00:00:00,1.00,48.75
2023-04-29 01:00:00,1.25,12.38
2023-04-29 02:00:00,1.27,19.59
2023-04-29 03:00:00,,1.20
2023-04-29 04:00:00,1.09,25.56
2023-04-29 05:00:00,1.32,1.16
2023-04-29 06:00:00,,1.14
2023-04-29 07:00:00,1.10,24.92
2023-04-29 08:00:00,0.97,34.71
2023-04-29 09:00:00,1.03,34.39
2023-04-29 10:00:00,0.77,59.85
2023-04-29 11:00:00,1.10,19.65
2023-04-29 12:00:00,1.11,24.22
2023-04-29 13:00:00,1.20,24.78
2023-04-29 14:00:00,1.43,-7.40
2023-04-29 15:00:00,1.31,17.83
2023-04-29 16:00:00,,1.40
2023-04-29 17:00:00,1.46,7.69
2023-04-29 18:00:00,,1.46
2023-04-29 19:00:00,1.52,-26.23
2023-04-29 20:00:00,1.76,-46.01
2023-04-29 21:00:00,1.35,1.37
2023-04-29 22:00:00,1.18,36.62
2023-04-29 23:00:00,1.37,20.67
2023-04-30 00:00:00,1.17,23.72
2023-04-30 01:00:00,1.31,34.28
2023-04-30 02:00:00,1.09,36.74
2023-04-30 03:00:00,,1.19
2023-04-30 04:00:00,1.25,3.36
2023-04-30 05:00:00,0.98,44.06
2023-04-30 06:00:00,1.26,10.96
2023-04-30 07:00:00,1.10,25.94
2023-04-30 08:00:00,1.10,21.61
2023-04-30 09:00:00,1.00,48.12
2023-04-30 10:00:00,1.18,22.29
2023-04-30 11:00:00,,1.17
2023-04-30 12:00:00,1.72,1.17
2023-04-30 13:00:00,,1.14
2023-04-30 14:00:00,1.09,28.58
2023-04-30 15:00:00,1.32,2.30
2023-04-30 16:00:00,1.06,37.82
2023-04-30 17:00:00,1.23,10.15
2023-04-30 18:00:00,1.17,33.22
2023-04-30 19:00:00,1.32,22.10
2023-04-30 20:00:00,1.08,18.99
2023-04-30 21:00:00,1.05,37.99
2023-04-30 22:00:00,1.21,15.07
2023-04-30 23:00:00,1.10,32.76
2023-05-01 00:00:00,0.92,1.16
2023-05-01 01:00:00,0.94,40.82
2023-05-01 02:00:00,,1.13
2023-05-01 03:00:00,1.15,-2.72
2023-05-01 04:00:00,1.16,-7.04
2023-05-01 05:00:00,0.97,34.29
2023-05-01 06:00:00,1.05,23.63
2023-05-01 07:00:00,0.83,1.13
2023-05-01 08:00:00,1.09,30.60
2023-05-01 09:00:00,1.00,46.68
2023-05-01 10:00:00,,1.17
2023-05-01 11:00:00,1.35,24.35
2023-05-01 12:00:00,1.22,27.85
2023-05-01 13:00:00,1.41,7.06
2023-05-01 14:00:00,1.29,17.61
2023-05-01 15:00:00,1.40,6.09
2023-05-01 16:00:00,,1.46
2023-05-01 17:00:00,,1.50
2023-05-01 18:00:00,1.46,-0.74
2023-05-01 19:00:00,1.61,-29.92
2023-05-01 20:00:00,,1.39
2023-05-01 21:00:00,1.34,-3.21
2023-05-01 22:00:00,1.18,31.50
2023-05-01 23:00:00,,1.16
2023-05-02 00:00:00,1.11,36.67
2023-05-02 01:00:00,1.11,22.26
2023-05-02 02:00:00,0.94,32.44
2023-05-02 03:00:00,0.99,37.32
2023-05-02 04:00:00,1.00,35.66
2023-05-02 05:00:00,1.06,19.48
2023-05-02 06:00:00,0.92,1.11
2023-05-02 07:00:00,0.90,40.14
2023-05-02 08:00:00,1.05,14.85
2023-05-02 09:00:00,,1.14
2023-05-02 10:00:00,1.21,26.21
2023-05-02 11:00:00,1.22,23.20
2023-05-02 12:00:00,1.24,21.22
2023-05-02 13:00:00,1.70,-39.81
2023-05-02 14:00:00,,1.40
2023-05-02 15:00:00,1.53,-0.49
2023-05-02 16:00:00,,1.58
2023-05-02 17:00:00,1.63,-19.08
2023-05-02 18:00:00,1.65,-19.45
2023-05-02 19:00:00,,1.56
2023-05-02 20:00:00,,1.41
2023-05-02 21:00:00,1.41,8.52
2023-05-02 22:00:00,,1.24
2023-05-02 23:00:00,1.09,30.38
2023-05-03 00:00:00,1.03,1.16
2023-05-03 01:00:00,1.20,1.17
2023-05-03 02:00:00,1.17,16.41
2023-05-03 03:00:00,1.00,30.43
2023-05-03 04:00:00,0.97,17.62
2023-05-03 05:00:00,0.96,1.11
2023-05-03 06:00:00,,1.08
2023-05-03 07:00:00,1.05,31.09
2023-05-03 08:00:00,0.86,41.75
2023-05-03 09:00:00,,1.07
2023-05-03 10:00:00,0.85,43.43
2023-05-03 11:00:00,0.95,27.92
2023-05-03 12:00:00,1.00,48.71
2023-05-03 13:00:00,1.32,8.04
2023-05-03 14:00:00,1.37,0.14
2023-05-03 15:00:00,1.09,1.24
2023-05-03 16:00:00,,1.27
2023-05-03 17:00:00,1.25,13.81
2023-05-03 18:00:00,1.31,20.29
2023-05-03 19:00:00,,1.22
2023-05-03 20:00:00,,1.19
2023-05-03 21:00:00,1.05,29.08
2023-05-03 22:00:00,1.06,41.49
2023-05-03 23:00:00,1.24,10.61
2023-05-04 00:00:00,0.90,46.77
2023-05-04 01:00:00,1.13,16.71
2023-05-04 02:00:00,1.20,1.84
2023-05-04 03:00:00,1.13,14.43
2023-05-04 04:00:00,1.05,25.76
2023-05-04 05:00:00,1.09,32.65
2023-05-04 06:00:00,1.13,7.28
2023-05-04 07:00:00,1.07,24.09
2023-05-04 08:00:00,0.86,44.74
2023-05-04 09:00:00,0.95,31.76
2023-05-04 10:00:00,0.95,44.72
2023-05-04 11:00:00,0.89,54.94
2023-05-04 12:00:00,0.96,53.85
2023-05-04 13:00:00,1.52,0.65
2023-05-04 14:00:00,1.22,31.01
2023-05-04 15:00:00,,1.18
2023-05-04 16:00:00,1.36,4.19
2023-05-04 17:00:00,1.61,1.25
2023-05-04 18:00:00,1.31,32.76
2023-05-04 19:00:00,1.25,11.64
2023-05-04 20:00:00,1.34,9.58
2023-05-04 21:00:00,1.07,29.97
2023-05-04 22:00:00,,1.08
2023-05-04 23:00:00,0.83,22.18
2023-05-05 00:00:00,0.99,33.29
2023-05-05 01:00:00,,1.07
2023-05-05 02:00:00,0.87,52.92
2023-05-05 03:00:00,,1.12
2023-05-05 04:00:00,1.09,4.29
2023-05-05 05:00:00,,1.13
2023-05-05 06:00:00,1.08,1.13
2023-05-05 07:00:00,1.12,7.91
2023-05-05 08:00:00,1.03,30.81
2023-05-05 09:00:00,0.77,49.94
2023-05-05 10:00:00,0.88,25.42
2023-05-05 11:00:00,,1.13
2023-05-05 12:00:00,1.10,6.56
2023-05-05 13:00:00,1.20,19.37
2023-05-05 14:00:00,1.28,-1.42
2023-05-05 15:00:00,1.41,13.88
2023-05-05 16:00:00,1.80,-61.81
2023-05-05 17:00:00,1.22,1.36
2023-05-05 18:00:00,,1.34
2023-05-05 19:00:00,1.41,1.30
2023-05-05 20:00:00,,1.23
2023-05-05 21:00:00,,1.28
2023-05-05 22:00:00,,1.21
2023-05-05 23:00:00,1.03,1.17
2023-05-06 00:00:00,1.09,23.02
2023-05-06 01:00:00,1.11,39.10
2023-05-06 02:00:00,,1.14
2023-05-06 03:00:00,,1.13
2023-05-06 04:00:00,1.30,12.39
2023-05-06 05:00:00,1.21,16.51
2023-05-06 06:00:00,1.32,12.58
2023-05-06 07:00:00,1.47,-10.80
2023-05-06 08:00:00,0.85,42.88
2023-05-06 09:00:00,,1.08
2023-05-06 10:00:00,1.14,26.77
2023-05-06 11:00:00,0.69,62.43
2023-05-06 12:00:00,0.83,43.24
2023-05-06 13:00:00,1.19,18.58
2023-05-06 14:00:00,0.96,38.84
2023-05-06 15:00:00,0.92,41.77
2023-05-06 16:00:00,1.15,23.88
2023-05-06 17:00:00,0.71,60.51
2023-05-06 18:00:00,,1.09
2023-05-06 19:00:00,1.15,15.06
2023-05-06 20:00:00,1.18,19.71
2023-05-06 21:00:00,,1.16
2023-05-06 22:00:00,1.11,1.09
2023-05-06 23:00:00,,1.08
2023-05-07 00:00:00,1.24,20.67
2023-05-07 01:00:00,1.30,1.25
2023-05-07 02:00:00,,1.23
2023-05-07 03:00:00,1.29,6.50
2023-05-07 04:00:00,1.29,2.09
2023-05-07 05:00:00,,1.17
2023-05-07 06:00:00,1.12,12.13
2023-05-07 07:00:00,0.76,59.81
2023-05-07 08:00:00,0.86,1.14
2023-05-07 09:00:00,1.58,1.12
2023-05-07 10:00:00,1.68,1.17
2023-05-07 11:00:00,1.25,13.50
2023-05-07 12:00:00,1.06,23.95
2023-05-07 13:00:00,,1.17
2023-05-07 14:00:00,1.11,34.36
2023-05-07 15:00:00,1.48,0.11
2023-05-07 16:00:00,1.05,46.41
2023-05-07 17:00:00,,1.17
2023-05-07 18:00:00,1.44,-4.38
2023-05-07 19:00:00,1.18,19.22
2023-05-07 20:00:00,1.21,13.98
2023-05-07 21:00:00,1.14,16.45
2023-05-07 22:00:00,1.27,11.93
2023-05-07 23:00:00,,1.19
2023-05-08 00:00:00,,1.21
2023-05-08 01:00:00,1.07,39.69
2023-05-08 02:00:00,1.14,19.81
2023-05-08 03:00:00,1.36,19.11
2023-05-08 04:00:00,1.19,1.21
2023-05-08 05:00:00,1.45,1.98
2023-05-08 06:00:00,1.01,45.12
2023-05-08 07:00:00,1.49,6.55
2023-05-08 08:00:00,,1.16
2023-05-08 09:00:00,1.11,41.96
2023-05-08 10:00:00,1.22,30.63
2023-05-08 11:00:00,1.38,18.47
2023-05-08 12:00:00,,1.21
2023-05-08 13:00:00,,1.18
2023-05-08 14:00:00,1.40,-1.10
2023-05-08 15:00:00,1.09,34.01
2023-05-08 16:00:00,1.32,3.80
2023-05-08 17:00:00,1.14,21.91
2023-05-08 18:00:00,,1.12
2023-05-08 19:00:00,1.09,29.59
2023-05-08 20:00:00,0.86,54.55
2023-05-08 21:00:00,,1.09
2023-05-08 22:00:00,1.41,3.57
2023-05-08 23:00:00,0.98,33.10
2023-05-09 00:00:00,1.22,1.21
2023-05-09 01:00:00,1.04,27.72
2023-05-09 02:00:00,,1.19
2023-05-09 03:00:00,1.19,14.64
2023-05-09 04:00:00,1.41,2.61
2023-05-09 05:00:00,1.14,19.18
2023-05-09 06:00:00,1.32,2.93
2023-05-09 07:00:00,,1.22
2023-05-09 08:00:00,1.00,29.53
2023-05-09 09:00:00,1.40,15.32
2023-05-09 10:00:00,1.39,-5.91
2023-05-09 11:00:00,1.36,-5.51
2023-05-09 12:00:00,,1.28
2023-05-09 13:00:00,1.33,21.30
2023-05-09 14:00:00,1.51,3.49
2023-05-09 15:00:00,1.36,22.03
2023-05-09 16:00:00,1.58,-15.75
2023-05-09 17:00:00,1.50,5.94
2023-05-09 18:00:00,,1.29
2023-05-09 19:00:00,1.17,6.36
2023-05-09 20:00:00,1.07,25.36
2023-05-09 21:00:00,1.14,32.28
2023-05-09 22:00:00,,1.17
2023-05-09 23:00:00,0.89,53.49
2023-05-10 00:00:00,,1.17
2023-05-10 01:00:00,1.23,12.17
2023-05-10 02:00:00,1.15,21.20
2023-05-10 03:00:00,,1.14
2023-05-10 04:00:00,1.18,21.85
2023-05-10 05:00:00,1.06,27.05
2023-05-10 06:00:00,1.10,21.77
2023-05-10 07:00:00,1.00,33.69
2023-05-10 08:00:00,1.16,16.63
2023-05-10 09:00:00,0.99,36.09
2023-05-10 10:00:00,1.03,34.15
2023-05-10 11:00:00,0.94,58.20
2023-05-10 12:00:00,0.87,67.60
2023-05-10 13:00:00,1.26,14.80
2023-05-10 14:00:00,1.30,3.85
2023-05-10 15:00:00,,1.14
2023-05-10 16:00:00,,1.23
2023-05-10 17:00:00,1.34,2.98
2023-05-10 18:00:00,1.44,3.08
2023-05-10 19:00:00,1.30,18.88
2023-05-10 20:00:00,1.06,11.74
2023-05-10 21:00:00,1.02,31.62
2023-05-10 22:00:00,0.89,23.13
2023-05-10 23:00:00,1.11,1.08
2023-05-11 00:00:00,,1.14
2023-05-11 01:00:00,1.00,37.23
2023-05-11 02:00:00,1.05,15.20
2023-05-11 03:00:00,1.13,13.84
2023-05-11 04:00:00,1.07,1.15
2023-05-11 05:00:00,0.97,23.93
2023-05-11 06:00:00,1.15,3.88
2023-05-11 07:00:00,0.92,29.89
2023-05-11 08:00:00,1.32,5.16
2023-05-11 09:00:00,1.06,27.08
2023-05-11 10:00:00,1.09,26.82
2023-05-11 11:00:00,,1.18
2023-05-11 12:00:00,1.20,6.55
2023-05-11 13:00:00,,1.33
2023-05-11 14:00:00,,1.39
2023-05-11 15:00:00,1.57,-15.03
2023-05-11 16:00:00,,1.43
2023-05-11 17:00:00,1.27,20.25
2023-05-11 18:00:00,1.37,-1.86
2023-05-11 19:00:00,1.55,-9.12
2023-05-11 20:00:00,1.12,40.03
2023-05-11 21:00:00,1.20,20.98
2023-05-11 22:00:00,1.12,1.16
2023-05-11 23:00:00,0.96,56.17
2023-05-12 00:00:00,1.07,1.15
2023-05-12 01:00:00,0.99,29.32
2023-05-12 02:00:00,1.03,32.35
2023-05-12 03:00:00,0.96,34.16
2023-05-12 04:00:00,1.10,2.15
2023-05-12 05:00:00,1.01,25.26
2023-05-12 06:00:00,,1.12
2023-05-12 07:00:00,0.99,1.10
2023-05-12 08:00:00,1.16,31.23
2023-05-12 09:00:00,0.93,39.11
2023-05-12 10:00:00,1.12,47.67
2023-05-12 11:00:00,1.28,26.50
2023-05-12 12:00:00,1.49,10.85
2023-05-12 13:00:00,,1.34
2023-05-12 14:00:00,1.55,-4.24
2023-05-12 15:00:00,1.62,-19.53
2023-05-12 16:00:00,1.27,1.52
2023-05-12 17:00:00,1.38,29.04
2023-05-12 18:00:00,1.46,11.73
2023-05-12 19:00:00,1.40,14.79
2023-05-12 20:00:00,,1.25
2023-05-12 21:00:00,1.08,31.74
2023-05-12 22:00:00,,1.16
2023-05-12 23:00:00,,1.12
2023-05-13 00:00:00,1.07,33.45
2023-05-13 01:00:00,1.19,22.74
2023-05-13 02:00:00,1.22,0.70
2023-05-13 03:00:00,1.05,23.10
2023-05-13 04:00:00,0.97,28.54
2023-05-13 05:00:00,1.22,11.77
2023-05-13 06:00:00,0.97,13.89
2023-05-13 07:00:00,1.18,23.15
2023-05-13 08:00:00,0.91,44.40
2023-05-13 09:00:00,1.13,29.26
2023-05-13 10:00:00,1.04,1.28
2023-05-13 11:00:00,1.35,28.17
2023-05-13 12:00:00,1.42,10.72
2023-05-13 13:00:00,1.48,9.70
2023-05-13 14:00:00,,1.67
2023-05-13 15:00:00,1.87,-54.22
2023-05-13 16:00:00,1.38,1.69
2023-05-13 17:00:00,1.54,6.85
2023-05-13 18:00:00,1.67,-14.04
2023-05-13 19:00:00,,1.41
2023-05-13 20:00:00,1.18,37.15
2023-05-13 21:00:00,1.15,38.32
2023-05-13 22:00:00,1.13,37.07
2023-05-13 23:00:00,1.10,29.94
2023-05-14 00:00:00,1.08,30.08
2023-05-14 01:00:00,1.05,29.30
2023-05-14 02:00:00,1.03,27.60
2023-05-14 03:00:00,1.00,17.93
2023-05-14 04:00:00,0.98,28.61
2023-05-14 05:00:00,,1.12
2023-05-14 06:00:00,0.93,36.17
2023-05-14 07:00:00,0.90,35.88
2023-05-14 08:00:00,,1.14
2023-05-14 09:00:00,1.27,27.38
2023-05-14 10:00:00,1.20,1.37
2023-05-14 11:00:00,1.60,2.66
2023-05-14 12:00:00,1.65,0.44
2023-05-14 13:00:00,1.69,-9.28
2023-05-14 14:00:00,,1.70
2023-05-14 15:00:00,,1.76
2023-05-14 16:00:00,1.68,-27.83
2023-05-14 17:00:00,1.83,-46.73
2023-05-14 18:00:00,,1.66
2023-05-14 19:00:00,,1.56
2023-05-14 20:00:00,1.99,1.46
2023-05-14 21:00:00,1.59,-2.22
2023-05-14 22:00:00,1.44,-11.28
2023-05-14 23:00:00,1.33,18.48
2023-05-15 00:00:00,1.41,1.23
2023-05-15 01:00:00,,1.19
2023-05-15 02:00:00,1.24,10.58
2023-05-15 03:00:00,1.22,19.27
2023-05-15 04:00:00,1.21,1.21
2023-05-15 05:00:00,1.09,25.24
2023-05-15 06:00:00,,1.16
2023-05-15 07:00:00,,1.17
2023-05-15 08:00:00,1.10,20.56
2023-05-15 09:00:00,1.03,36.07
2023-05-15 10:00:00,1.21,18.85
2023-05-15 11:00:00,1.18,28.49
2023-05-15 12:00:00,1.25,19.44
2023-05-15 13:00:00,1.66,-24.59
2023-05-15 14:00:00,,1.53
2023-05-15 15:00:00,1.64,-10.06
2023-05-15 16:00:00,,1.60
2023-05-15 17:00:00,1.74,-49.05
2023-05-15 18:00:00,1.47,-10.37
2023-05-15 19:00:00,1.55,-8.80
2023-05-15 20:00:00,1.41,19.39
2023-05-15 21:00:00,1.42,3.56
2023-05-15 22:00:00,1.30,28.43
2023-05-15 23:00:00,1.20,37.73
2023-05-16 00:00:00,,1.21
2023-05-16 01:00:00,1.16,25.18
2023-05-16 02:00:00,1.13,31.43
2023-05-16 03:00:00,1.04,38.53
2023-05-16 04:00:00,1.17,28.87
2023-05-16 05:00:00,1.13,36.64
2023-05-16 06:00:00,,1.17
2023-05-16 07:00:00,,1.13
2023-05-16 08:00:00,1.01,37.83
2023-05-16 09:00:00,1.01,23.22
2023-05-16 10:00:00,1.23,29.51
2023-05-16 11:00:00,1.29,5.81
2023-05-16 12:00:00,1.52,-13.46
2023-05-16 13:00:00,1.38,4.98
2023-05-16 14:00:00,,1.44
2023-05-16 15:00:00,1.52,4.81
2023-05-16 16:00:00,1.60,-17.81
2023-05-16 17:00:00,,1.66
2023-05-16 18:00:00,1.72,-28.54
2023-05-16 19:00:00,1.74,-33.29
2023-05-16 20:00:00,1.47,7.54
2023-05-16 21:00:00,1.32,35.95
2023-05-16 22:00:00,1.40,22.66
2023-05-16 23:00:00,1.37,21.65
2023-05-17 00:00:00,1.28,19.38
2023-05-17 01:00:00,1.26,19.77
2023-05-17 02:00:00,1.33,19.83
2023-05-17 03:00:00,1.24,30.44
2023-05-17 04:00:00,1.23,25.77
2023-05-17 05:00:00,,1.20
2023-05-17 06:00:00,1.10,20.27
2023-05-17 07:00:00,1.05,46.10
2023-05-17 08:00:00,0.94,1.21
2023-05-17 09:00:00,1.31,6.99
2023-05-17 10:00:00,1.27,6.69
2023-05-17 11:00:00,1.21,26.65
2023-05-17 12:00:00,1.31,11.72
2023-05-17 13:00:00,,1.39
2023-05-17 14:00:00,1.64,-12.37
2023-05-17 15:00:00,,1.63
2023-05-17 16:00:00,1.61,-10.75
2023-05-17 17:00:00,1.74,-23.11
2023-05-17 18:00:00,1.80,-35.75
2023-05-17 19:00:00,1.82,-45.18
2023-05-17 20:00:00,,1.68
2023-05-17 21:00:00,1.50,14.44
2023-05-17 22:00:00,1.29,27.19
2023-05-17 23:00:00,1.34,18.83
2023-05-18 00:00:00,1.28,1.29
2023-05-18 01:00:00,1.24,28.06
2023-05-18 02:00:00,,1.22
2023-05-18 03:00:00,1.22,33.61
2023-05-18 04:00:00,1.12,17.58
2023-05-18 05:00:00,,1.21
2023-05-18 06:00:00,1.15,25.48
2023-05-18 07:00:00,1.08,29.53
2023-05-18 08:00:00,1.09,38.86
2023-05-18 09:00:00,,1.20
2023-05-18 10:00:00,1.01,44.12
2023-05-18 11:00:00,1.29,9.25
2023-05-18 12:00:00,1.58,1.29
2023-05-18 13:00:00,1.45,-4.45
2023-05-18 14:00:00,1.43,0.41
2023-05-18 15:00:00,1.56,-9.54
2023-05-18 16:00:00,,1.62
2023-05-18 17:00:00,1.66,-35.61
2023-05-18 18:00:00,1.72,-17.67
2023-05-18 19:00:00,1.71,-28.83
2023-05-18 20:00:00,1.66,-16.38
2023-05-18 21:00:00,1.47,16.85
2023-05-18 22:00:00,1.38,26.13
2023-05-18 23:00:00,,1.35
2023-05-19 00:00:00,1.23,17.52
2023-05-19 01:00:00,,1.21
2023-05-19 02:00:00,,1.17
2023-05-19 03:00:00,1.21,-2.55
2023-05-19 04:00:00,1.05,14.57
2023-05-19 05:00:00,,1.15
2023-05-19 06:00:00,,1.14
2023-05-19 07:00:00,1.12,32.88
2023-05-19 08:00:00,1.02,25.38
2023-05-19 09:00:00,0.92,41.78
2023-05-19 10:00:00,1.07,12.43
2023-05-19 11:00:00,,1.18
2023-05-19 12:00:00,1.05,33.59
2023-05-19 13:00:00,1.39,16.93
2023-05-19 14:00:00,,1.37
2023-05-19 15:00:00,1.61,-16.66
2023-05-19 16:00:00,1.64,-18.58
2023-05-19 17:00:00,,1.50
2023-05-19 18:00:00,1.40,8.52
2023-05-19 19:00:00,1.48,2.84
2023-05-19 20:00:00,,1.36
2023-05-19 21:00:00,1.28,16.93
2023-05-19 22:00:00,1.18,1.26
2023-05-19 23:00:00,,1.18
2023-05-20 00:00:00,1.25,5.68
2023-05-20 01:00:00,1.00,60.00
2023-05-20 02:00:00,1.02,27.93
2023-05-20 03:00:00,1.01,1.15
2023-05-20 04:00:00,1.04,1.12
2023-05-20 05:00:00,1.07,31.79
2023-05-20 06:00:00,0.95,42.52
2023-05-20 07:00:00,1.20,18.82
2023-05-20 08:00:00,1.02,33.38
2023-05-20 09:00:00,,1.15
2023-05-20 10:00:00,1.27,5.66
2023-05-20 11:00:00,1.03,40.83
2023-05-20 12:00:00,1.03,31.79
2023-05-20 13:00:00,1.36,-1.12
2023-05-20 14:00:00,1.31,1.28
2023-05-20 15:00:00,,1.24
2023-05-20 16:00:00,1.28,15.49
2023-05-20 17:00:00,1.22,28.63
2023-05-20 18:00:00,1.27,26.88
2023-05-20 19:00:00,1.26,1.22
2023-05-20 20:00:00,,1.16
2023-05-20 21:00:00,0.99,31.37
2023-05-20 22:00:00,0.92,45.29
2023-05-20 23:00:00,1.06,24.24
2023-05-21 00:00:00,,1.15
2023-05-21 01:00:00,1.09,37.56
2023-05-21 02:00:00,0.84,49.21
2023-05-21 03:00:00,0.96,28.44
2023-05-21 04:00:00,1.08,28.96
2023-05-21 05:00:00,,1.14
2023-05-21 06:00:00,1.14,3.34
2023-05-21 07:00:00,1.16,15.32
2023-05-21 08:00:00,0.87,43.10
2023-05-21 09:00:00,1.14,26.10
2023-05-21 10:00:00,1.03,40.12
2023-05-21 11:00:00,1.07,38.61
2023-05-21 12:00:00,1.28,17.97
2023-05-21 13:00:00,1.36,14.79
2023-05-21 14:00:00,1.70,-29.42
2023-05-21 15:00:00,1.67,-24.15
2023-05-21 16:00:00,1.42,5.06
2023-05-21 17:00:00,1.49,9.20
2023-05-21 18:00:00,1.57,-13.86
2023-05-21 19:00:00,1.73,-36.45
2023-05-21 20:00:00,1.55,1.42
2023-05-21 21:00:00,1.27,20.59
2023-05-21 22:00:00,1.19,38.71
2023-05-21 23:00:00,,1.16
2023-05-22 00:00:00,1.10,33.47
2023-05-22 01:00:00,1.13,17.12
2023-05-22 02:00:00,,1.14
2023-05-22 03:00:00,,1.11
2023-05-22 04:00:00,1.01,36.71
2023-05-22 05:00:00,,1.09
2023-05-22 06:00:00,1.17,13.93
2023-05-22 07:00:00,1.11,33.26
2023-05-22 08:00:00,0.86,59.91
2023-05-22 09:00:00,1.16,23.41
2023-05-22 10:00:00,1.10,45.93
2023-05-22 11:00:00,1.41,5.18
2023-05-22 12:00:00,1.23,23.00
2023-05-22 13:00:00,1.40,10.41
2023-05-22 14:00:00,1.43,2.47
2023-05-22 15:00:00,1.35,7.43
2023-05-22 16:00:00,1.49,-3.48
2023-05-22 17:00:00,,1.35
2023-05-22 18:00:00,1.11,32.44
2023-05-22 19:00:00,1.29,28.38
2023-05-22 20:00:00,1.36,23.00
2023-05-22 21:00:00,1.12,20.00
2023-05-22 22:00:00,,1.16
2023-05-22 23:00:00,1.27,16.46
2023-05-23 00:00:00,,
2023-05-23 01:00:00,1.04,
2023-05-23 02:00:00,,
2023-05-23 03:00:00,,
2023-05-23 04:00:00,1.00,
2023-05-23 05:00:00,0.85,
2023-05-23 06:00:00,0.94,
2023-05-23 07:00:00,1.56,
2023-05-23 08:00:00,,
2023-05-23 09:00:00,1.11,
2023-05-23 10:00:00,1.16,
2023-05-23 11:00:00,,
2023-05-23 12:00:00,,
2023-05-23 13:00:00,,
2023-05-23 14:00:00,1.31,
2023-05-23 15:00:00,,
2023-05-23 16:00:00,1.13,
